Artist,Genres,Popularity,Followers
...And Oceans,black metal; industrial metal; metal,24,27249
40 Watt Sun,slowcore; doom metal; sludge metal; drone metal; post-rock,19,20904
65daysofstatic,post-rock; math rock,39,144281
90 Day Men,math rock; noise rock; post-rock; post-hardcore,12,6348
:Of The Wand And The Moon:,neoclassical; dark ambient,29,33606
:Wumpscut:,ebm; industrial; darkwave; industrial rock; industrial metal,30,63147
[:SITD:],ebm; industrial; darkwave; synthpop,28,28874
A Day To Remember,metalcore; post-hardcore; pop punk; screamo; emo,67,2513555
A Lot Like Birds,post-hardcore; mathcore; math rock; screamo,38,69417
A Perfect Circle,alternative metal,62,2066323
A Place To Bury Strangers,shoegaze; noise rock; post-punk; cold wave; darkwave; neo-psychedelic; dream pop,33,113511
A Pregnant Light,black metal,6,2226
A Sense of Gravity,djent; progressive metal,1,3321
a-ha,new wave; synthpop,70,2892454
A.A. Williams,post-rock,25,29175
Aara,black metal,24,27087
Abbath,black metal; metal,25,137882
Absurd Minds,ebm; industrial; darkwave; synthpop,20,14462
Abul Mogard,drone; ambient; dark ambient; experimental,27,25433
AC/DC,rock; hard rock; classic rock; rock and roll,80,32194529
Accept,heavy metal; speed metal; metal; hard rock; thrash metal,53,1047349
Access to Arasaka,idm; glitch; dark ambient; ambient,15,6952
Actress,idm; ambient; experimental,35,104834
Adrenaline Mob,groove metal,28,62345
Adrian Younge,,39,51978
Aerosmith,classic rock; rock,74,15993028
AFX,idm,28,101019
Agalloch,black metal; folk metal; doom metal,39,200827
Agatha Christie,,45,372567
Agent Fresco,progressive metal; progressive rock; djent,26,41126
Agnostic Front,hardcore punk; hardcore; punk; skate punk,40,200106
Agriculture,black metal,39,24810
Ah Cama-Sotz,dark ambient; industrial; noise music; ebm; idm; drone,8,4565
Ahab,doom metal; sludge metal; drone metal; stoner metal; drone,22,48402
Aho Ssan,experimental; drone; idm,22,6172
AIGEL,,42,119582
Airbag,progressive rock; progressive metal; art rock,33,56616
Airbourne,hard rock,57,854004
Al Wootton,dub techno; breakbeat; uk funky; uk garage,19,9615
Alai Oli,,23,17141
Alanis Morissette,,66,3170009
Alcest,shoegaze; post-rock; black metal,45,332149
Alestorm,folk metal; power metal; sea shanties; metal; medieval metal; celtic rock,53,718905
Alexisonfire,post-hardcore; screamo; emo; metalcore,53,457578
Alfa Mist,nu jazz; jazz rap; jazz fusion; jazz; indie jazz,51,298773
Alice Cooper,glam rock; hard rock; glam metal; proto-punk; classic rock,62,4034281
Alice Glass,witch house; hyperpop,37,230794
Alice In Chains,grunge; post-grunge,74,6211297
Alien Weaponry,groove metal; metal; thrash metal; folk metal,38,190367
Alison Goldfrapp,,44,40742
All Pigs Must Die,grindcore; mathcore; hardcore punk; hardcore; sludge metal,16,32076
All That Remains,metalcore; metal,55,1449083
All Them Witches,stoner rock; stoner metal; neo-psychedelic; psychedelic rock; space rock; sludge metal; blues rock,51,347640
All Things Fallen,progressive metal; symphonic metal,6,2468
Allen Lande,power metal; progressive metal; arena rock; aor; symphonic metal; heavy metal,32,57893
Allie X,,50,869535
AloeVera,,35,39606
Alphaville,synthpop,69,1069664
Altar Of Plagues,black metal; drone metal; sludge metal,16,38340
Alter Bridge,post-grunge; alternative metal; hard rock,60,1230751
Amarok,progressive rock; progressive metal; art rock,34,15275
Amelie Lens,techno; acid techno; hard techno; tekno,54,725235
Amenra,sludge metal; drone metal; doom metal; post-rock; stoner metal,38,132295
American Football,midwest emo; math rock; emo,53,459107
Amon Amarth,melodic death metal; folk metal; metal; death metal; heavy metal; power metal,56,1239656
Amon Tobin,idm; trip hop; nu jazz; downtempo,42,271235
Amorphis,melodic death metal; folk metal; death metal; progressive metal; gothic metal; metal; doom metal; finnish rock,53,345530
Amorphous Androgynous,idm; ambient,20,15754
Amy Macdonald,,62,536993
An Autumn for Crippled Children,black metal; shoegaze,24,38877
Anaal Nathrakh,black metal; grindcore; death metal; metal; industrial metal,34,122615
Anacondaz,,42,206286
Anathema,doom metal; gothic metal; progressive rock; progressive metal,50,421283
And So I Watch You from Afar,post-rock; math rock; djent,31,90198
Andrew Lloyd Webber,musicals,63,356606
Andy Stott,dub techno; idm,34,133411
Anekdoten,progressive rock; progressive metal; art rock; space rock,27,29458
Animal Collective,neo-psychedelic; indie rock,46,562866
Animal Jazz,,35,88463
Animals As Leaders,djent; progressive metal; math rock; progressive rock; metal,46,583466
Anneke van Giersbergen,symphonic metal; gothic metal,34,79831
Annihilator,thrash metal; speed metal; groove metal; metal; heavy metal,43,429645
Annisokay,metalcore; post-hardcore; metal,51,176169
Anorexia Nervosa,black metal; symphonic metal,17,42553
Anthrax,thrash metal; metal; speed metal; heavy metal; groove metal; rap metal,53,1866836
Anti-Flag,punk; skate punk; ska punk; hardcore punk,46,454289
Antimatter,progressive rock; gothic metal; progressive metal; doom metal,34,92662
Any Given Day,metalcore; metal; djent,41,132346
Aphex Twin,idm; ambient; electronica,63,1777127
Apocalyptica,symphonic metal,60,1158145
Apoptygma Berzerk,ebm; industrial; synthpop; darkwave; industrial rock,35,85470
Apparat,idm; glitch,45,415851
Applescal,minimal techno; idm,12,7618
Aquarium,art rock,36,120785
Arab Strap,slowcore; spoken word,32,82962
Arabs In Aspic,progressive rock; space rock; stoner metal; progressive metal; stoner rock,8,4464
Arcade Fire,indie rock; baroque pop,62,2395796
Arch Enemy,melodic death metal; metal; death metal; heavy metal,56,1128839
Architect,idm; industrial; dark ambient; glitch; ebm,8,5943
Architects,metalcore; djent; metal; mathcore; post-hardcore; deathcore,65,1235651
Archive,trip hop,46,305667
Archspire,death metal; deathcore; metal,41,189334
Arctic Monkeys,indie; garage rock,84,31924118
Arcturus,black metal; avant-garde; progressive metal; symphonic metal; metal,26,74720
Aria,,43,292161
Arkona,folk metal; folk; medieval metal; symphonic metal,31,123761
Army of Bones,christian alternative rock,9,5069
Artefakt,dub techno; acid techno; minimal techno; techno,18,13346
Artillery,thrash metal; speed metal; groove metal; metal,32,92302
As I Lay Dying,metalcore; metal; deathcore,55,1103567
Asia,aor; progressive rock; arena rock,53,710582
Asking Alexandria,metalcore; screamo; post-hardcore; metal; emo,62,2419270
Assemblage 23,ebm; industrial; synthpop; darkwave; industrial metal,32,65047
Astral Doors,power metal; speed metal; heavy metal,27,29121
Astronoid,progressive metal; post-rock,25,36746
At the Drive-In,post-hardcore; emo,44,357606
At The Gates,melodic death metal; death metal; metal,47,276618
At Vance,power metal; neoclassical; speed metal; symphonic metal,35,59921
Atheist,death metal; progressive metal; thrash metal; grindcore,29,82082
ATL,acid house,48,470786
Atmosphere,underground hip hop; alternative hip hop,55,693738
Atoms For Peace,,36,247675
Atreyu,metalcore; screamo,57,1031458
Atrium Carceri,dark ambient; ambient; drone,40,42730
Attila,deathcore; metalcore; rap metal; metal; screamo,48,511213
Audioslave,grunge; post-grunge; alternative metal,69,5128379
August Burns Red,metalcore; metal; deathcore; djent; post-hardcore; screamo,50,766218
Auktyon,art rock,37,51377
Autechre,idm; glitch; experimental; electronic; ambient,42,262623
Avantasia,power metal; symphonic metal; metal,51,494875
Avenged Sevenfold,metal; alternative metal,75,11701498
Avril Lavigne,,75,11977641
Awakening Sun,melodic death metal; thrash metal; groove metal; deathcore; djent,10,5541
AWOLNATION,,60,2061208
Axel Rudi Pell,power metal; heavy metal; arena rock; hard rock,42,140028
Axxis,power metal; heavy metal,30,51713
Ayreon,progressive metal; progressive rock; symphonic metal; power metal; metal,42,170079
Azu Tiwaline,dub techno,18,9257
Babe Ruth,progressive rock; breakbeat,29,24201
Baby Strange,,16,15229
Backyard Babies,punk,34,80076
Bad Company,classic rock; aor; southern rock; hard rock,58,1357361
Bad Omens,metalcore,73,1951644
Bad Religion,punk; skate punk; hardcore punk; melodic hardcore; ska punk,59,1381223
Bad Sector,dark ambient; space music; drone; idm; industrial; ambient,6,3743
Bad Wolves,metal,62,887430
BADBADNOTGOOD,,61,876927
Balmorhea,post-rock,47,183316
BANKS,,55,1078701
bar italia,lo-fi indie,44,79900
Barclay James Harvest,progressive rock; art rock,42,182265
Barker,dub techno; idm; ambient,36,32337
Barock Project,progressive rock; art rock; progressive metal,18,9518
Baroness,sludge metal; stoner metal; stoner rock; progressive metal; doom metal,41,283882
Barren Earth,melodic death metal; progressive metal; doom metal; death metal,13,18916
Basic Channel,dub techno; minimal techno; idm; techno; dub,26,37515
Basta,,58,1789121
Bat For Lashes,art pop; dream pop,43,387598
Bathory,black metal; metal; folk metal,46,487590
Battle Beast,power metal; symphonic metal; metal,54,290724
Bauhaus,gothic rock; post-punk; deathrock; darkwave; cold wave; new wave,53,1050346
Baxter Dury,,51,148207
Be'lakor,melodic death metal; death metal; progressive metal; metal,37,128106
Beach House,dream pop,71,2788452
Beak>,krautrock; space rock,31,89050
Beardfish,progressive rock; progressive metal; art rock,19,25221
Beartooth,metalcore; post-hardcore,57,878048
Beast In Black,power metal; symphonic metal; metal,58,378610
Beastie Boys,rap rock; old school hip hop; east coast hip hop; hip hop,66,3153630
Beborn Beton,ebm; synthpop; industrial; darkwave,24,22185
Beck,anti-folk,63,1712568
Becoming The Archetype,christian rock; metalcore; deathcore,27,50128
Bee Gees,disco,75,9303980
Been Stellar,,37,38705
Before The Dawn,melodic death metal; death metal; gothic metal; metal; doom metal,35,67385
Behemoth,black metal; death metal; metal,48,712084
Being As An Ocean,melodic hardcore; post-hardcore; metalcore; spoken word; hardcore,38,181764
Belle and Sebastian,baroque pop,54,712526
Ben Chatwin,drone; ambient,25,5623
Ben Frost,drone; dark ambient; ambient; experimental,28,70126
Benediction,death metal; grindcore; metal,33,99561
Beseech,gothic metal; doom metal; gothic rock; symphonic metal; drone metal,27,30061
betcover!!,art rock; japanese indie; shibuya-kei; j-rock,40,78969
Beth Gibbons,,44,200912
Beth Hart,blues; blues rock; modern blues,51,476033
"Beth Hart, Joe Bonamassa",blues; blues rock; modern blues; soul blues,46,46977
Betraying The Martyrs,metalcore; deathcore; djent; metal,31,154725
Better Lovers,mathcore; metalcore,37,69110
Between The Buried And Me,progressive metal; djent; mathcore; metal; metalcore; progressive rock,48,292658
BICEP,,58,630846
Biffy Clyro,,61,760244
Big Big Train,progressive rock; progressive metal; art rock,25,38467
Big Thief,,69,1315089
BIG|BRAVE,drone metal; sludge metal; drone; doom metal; noise rock,17,27131
Bill Evans,jazz; cool jazz; bebop; hard bop,61,773269
Billie Eilish,,90,118237914
Billy Idol,,70,2445773
Billy Joel,soft rock,78,7367489
Billy Talent,punk,62,1331902
billy woods,experimental hip hop; alternative hip hop; east coast hip hop; experimental; underground hip hop,49,156431
Billy's Band,,13,10189
Biohazard,rap metal; hardcore; groove metal; hardcore punk; rap rock; alternative metal,42,219632
Biopsyhoz,industrial metal; industrial rock; industrial; ebm,10,3612
Biosphere,ambient; drone; idm; dark ambient; space music,39,103401
Bipolar Architecture,post-rock; black metal,9,4581
Birds in Row,screamo; melodic hardcore; mathcore; post-hardcore; hardcore punk; hardcore,29,49551
Bitcrush,post-rock; idm; ambient; drone,5,2936
Björk,art pop; trip hop,62,2435844
Bjørn Riis,progressive rock; art rock; progressive metal,24,24860
"Black Country, New Road",art rock; post-rock,55,425278
Black Fast,thrash metal; speed metal,11,9827
Black Flag,punk; hardcore punk; skate punk; hardcore; proto-punk,46,699576
Black Foxxes,,26,29582
Black Label Society,groove metal; metal; heavy metal,62,1815253
Black Lung,stoner rock; stoner metal; space rock; sludge metal; doom metal; drone metal,24,7235
black midi,noise rock; post-punk; math rock; art rock,42,302096
Black Rebel Motorcycle Club,southern gothic; garage rock; blues rock,51,585175
Black Sabbath,metal; heavy metal; rock; stoner rock; doom metal; hard rock,75,9728800
Black Tape For A Blue Girl,darkwave; neoclassical; gothic rock; deathrock; dark ambient,25,24698
Black Veil Brides,emo; screamo,59,2090212
Blackbraid,black metal; metal,39,77230
Blackfield,progressive rock; progressive metal; art rock,36,145111
Blawan,techno,38,72036
Blazing Eternity,doom metal; gothic metal,13,3119
blessthefall,metalcore; post-hardcore; screamo,54,690593
Blind Channel,,44,184874
Blind Ego,progressive rock; progressive metal,29,16408
Blind Guardian,power metal; speed metal; symphonic metal; metal; folk metal; medieval metal; heavy metal,51,777824
Blind Pilot,indie folk,45,262535
Blinded Colony,melodic death metal; metalcore,13,16048
Bloc Party,indie rock,59,1210759
Blonde Redhead,shoegaze; dream pop,47,384945
Blondie,,69,1875987
Blood Incantation,death metal; progressive metal,40,151422
Blossoms,indie,54,496727
Blue Bendy,art rock,19,6027
Blue Man Group,,39,78944
Blue Öyster Cult,classic rock; hard rock,62,1712756
Blur,britpop; madchester; alternative rock,67,3909288
Boards of Canada,idm; ambient; trip hop; downtempo; electronic,54,733785
Bob Dylan,folk rock; folk; singer-songwriter; roots rock; country rock,72,7347733
Bob Marley & The Wailers,reggae; roots reggae,78,13340999
Body Count,rap metal; rap rock; groove metal,43,329033
Bohren & Der Club Of Gore,dark ambient; drone,38,125766
Bola,idm; glitch; ambient,15,14057
Bolt Thrower,death metal; grindcore; metal,43,257036
Bon Jovi,glam metal; rock,77,15739255
Bong-Ra,breakcore; idm; speedcore; jungle; gabber,20,17387
Booka Shade,minimal techno; melodic house; melodic techno; electronica,50,242925
Boris Brejcha,minimal techno; techno; melodic techno; tech house,61,1592294
Boris Grebenshikov,,32,80536
Borknagar,black metal; folk metal; progressive metal; metal; melodic death metal,31,109059
Bosse-de-Nage,black metal,9,15184
Boston Manor,pop punk,48,181665
Botch,mathcore; metalcore; hardcore; noise rock; post-hardcore; math rock; hardcore punk,28,66370
boygenius,,62,1074496
Brand New,emo; pop punk; post-hardcore,56,760312
Break My Fucking Sky,post-rock,23,11741
Breakdown of Sanity,metalcore; deathcore; djent; metal; post-hardcore,40,141481
Breaking Benjamin,alternative metal; post-grunge; rock; hard rock,71,5140859
Brian Eno,ambient; art rock; krautrock; minimalism; drone; glam rock; space music,59,827507
Bring Me The Horizon,metalcore; emo; screamo; rock; post-hardcore,76,6612545
Brittany Howard,,49,316904
Broken Bells,,52,622957
Broken Social Scene,baroque pop; indie rock; indie,49,398882
Bruce Dickinson,heavy metal; metal,48,672143
Bruce Soord,progressive rock; progressive metal; art rock,26,15954
Bruce Springsteen,,74,7279249
Brutus,,39,124983
Bryan Adams,,75,4752614
Buckcherry,,57,960028
Buckethead,,48,466192
Bullet For My Valentine,metalcore; metal,65,3490436
Burial,idm; ambient,48,512648
Buried In Verona,metalcore; post-hardcore; deathcore,25,42438
Bury Tomorrow,metalcore; metal; deathcore; post-hardcore,50,336888
Burzum,black metal; metal; dark ambient,47,523138
Bush,grunge; post-grunge,63,2097018
Byzantine,groove metal; thrash metal,18,15364
Cabaret Voltaire,industrial; ebm; post-punk; synthpop; experimental; industrial rock; cold wave; new wave; darkwave; avant-garde; krautrock,28,109961
Cage The Elephant,,72,4288194
Caliban,metalcore; deathcore; metal,38,203275
Caligula's Horse,progressive metal; djent; progressive rock,39,114027
CAN,krautrock; space rock; progressive rock; experimental; psychedelic rock; art rock; proto-punk,45,352609
Carach Angren,black metal; symphonic metal; metal,35,114509
Carbon Based Lifeforms,space music; ambient; downtempo; idm; dark ambient,46,181428
Carcass,death metal; grindcore; melodic death metal; metal,46,460360
Caribou,idm,53,721609
Carnifex,deathcore; death metal; metalcore; metal,39,272122
Caroline Polachek,art pop,66,644658
Carpenter Brut,synthwave; darkwave,53,462995
Carptree,progressive rock; art rock; progressive metal,3,5155
Casey,melodic hardcore; post-hardcore; metalcore,34,63670
Caspian,post-rock; math rock,32,122075
Cat Rapes Dog,ebm; industrial; industrial rock; deathrock,20,5550
Catfish and the Bottlemen,indie; indie rock,62,1175050
Catharsis,symphonic metal; power metal; neoclassical,15,6115
Cattle Decapitation,death metal; grindcore; deathcore; metal,44,275883
Cavalera Conspiracy,groove metal; thrash metal; metal; speed metal; death metal,37,335248
Cave In,mathcore; post-hardcore; space rock; metalcore; alternative metal; sludge metal; noise rock; stoner metal,28,61698
CELESTE,black metal; sludge metal; drone metal,24,37293
Cellar Darling,folk metal; symphonic metal; gothic metal; progressive metal,38,91074
Celldweller,synthwave; industrial metal; industrial rock; industrial,50,280532
Celtic Frost,black metal; thrash metal; metal; doom metal; speed metal; death metal; gothic metal,37,281708
cEvin Key,industrial; ebm; idm; industrial rock; industrial metal,11,15009
Chanel Beads,lo-fi indie,47,48495
Charli xcx,hyperpop; art pop,82,6258025
Charlotte de Witte,techno; acid techno; hard techno; tekno,59,1206779
Charon,gothic metal; gothic rock; symphonic metal; finnish rock; doom metal,36,52513
Chartreuse,,36,20656
Chat Pile,noise rock; sludge metal; drone metal; mathcore,41,96312
Chelsea Grin,deathcore; metalcore; death metal; metal; djent,47,551627
Chelsea Wolfe,southern gothic; doom metal,48,358254
Chevelle,alternative metal; nu metal; post-grunge,68,2153269
Chiasm,industrial; ebm; darkwave; industrial rock,23,13112
Children Of Bodom,melodic death metal; metal; death metal,54,809672
Chimaira,groove metal; metal; nu metal; metalcore,40,322918
Chloe Slater,,36,41589
Chris Cornell,grunge,58,2308702
Chris Isaak,,67,734597
Chris Rea,christmas,58,1145577
Christian Death,deathrock; gothic rock; post-punk; darkwave; cold wave; gothic metal; horror punk,43,233129
Christopher Franke,krautrock; new age,23,3852
Chroma Key,progressive rock; progressive metal; art rock; space rock,24,27463
Church Of Misery,sludge metal; stoner metal; doom metal; stoner rock; drone metal; drone,22,69488
Cigarettes After Sex,dream pop,83,17253311
Cinderella,glam metal; glam rock; hard rock,55,1886827
Circa Survive,post-hardcore; emo; screamo,50,375935
Circa Waves,indie,48,311507
Circus Maximus,progressive metal; progressive rock; power metal; norsk rock,27,66388
City and Colour,,53,895198
claire rousay,ambient; drone; experimental,28,24606
Clairo,bedroom pop,78,6569929
Clan of Xymox,darkwave; gothic rock; deathrock; post-punk; cold wave; ebm; new wave; industrial,40,194427
Clap Your Hands Say Yeah,,39,189360
Clawfinger,rap metal; nu metal; industrial metal,41,116382
Clinic,space rock; neo-psychedelic,32,51383
Cloudkicker,djent; post-rock; progressive metal; math rock,30,75811
Cloven Hoof,power metal; heavy metal; speed metal,19,25300
Clutch,stoner rock; stoner metal; sludge metal,51,597708
Cocteau Twins,dream pop; shoegaze; gothic rock,64,1372151
Coheed and Cambria,,59,754183
Coil,industrial; industrial rock; experimental; dark ambient; drone; avant-garde,34,107503
Cold In May,ebm; synthpop; industrial; darkwave; industrial rock,21,5696
Coldplay,,87,60611615
Colin Stetson,,40,109668
Collapse Under The Empire,post-rock,28,32679
Colony 5,ebm; synthpop; industrial; darkwave,24,23117
Combat Astronomy,avant-garde; mathcore; experimental,2,1245
Combichrist,industrial; ebm; industrial metal; industrial rock; darkwave,44,193719
Come to Grief,sludge metal; drone metal; doom metal; stoner metal,5,4769
Comeback Kid,hardcore; melodic hardcore; hardcore punk; metalcore,43,193657
Comedy of Errors,progressive rock; progressive metal; art rock,10,6506
Company Flow,experimental hip hop; east coast hip hop; underground hip hop,30,50522
Conjure One,trance; new age,38,38841
Conjurer,sludge metal; doom metal; stoner metal; mathcore,29,40676
Conquer Divide,metalcore,46,133216
Constellatia,black metal,2,2564
Converge,mathcore; metalcore; hardcore; hardcore punk; grindcore; post-hardcore; sludge metal,40,230799
Corey Taylor,,53,688408
Cosmic Boys,techno; acid techno; minimal techno; hard techno,34,35642
Cosmograf,progressive rock; progressive metal; art rock,14,8849
Counterparts,melodic hardcore; metalcore; hardcore; post-hardcore; hardcore punk; deathcore,47,237954
Counting Crows,,68,1953423
Covenant,ebm; industrial; synthpop; darkwave,36,105594
Cradle Of Filth,black metal; gothic metal; metal; symphonic metal; death metal,50,636397
Crawlers,,43,167066
Crazy Lixx,glam metal; aor; arena rock; glam rock; hard rock,33,62606
Crematory,gothic metal; industrial metal; melodic death metal; doom metal; gothic rock,35,69550
Crippled Black Phoenix,post-rock; progressive rock; space rock; art rock; progressive metal,33,70325
Crown Lands,progressive rock,28,50158
Crown The Empire,metalcore; post-hardcore; screamo,48,560690
Crystal Ball,power metal; arena rock; aor; hard rock; heavy metal,27,14754
Crystal Castles,witch house; electroclash; new rave; alternative dance,69,3272366
Crystal Lake,metalcore; deathcore; djent; metal,43,223185
Cult Of Luna,sludge metal; post-rock; drone metal; stoner metal; doom metal; progressive metal; drone,34,145352
Cults,,66,1245801
Cultura Tres,sludge metal,11,11266
Culture Kultur,ebm; synthpop; industrial; darkwave,19,12876
Current 93,drone metal; industrial; avant-garde; experimental; dark ambient,33,76225
Currents,metalcore; djent; deathcore; metal,58,322816
Cursive,post-hardcore; emo,40,123702
Cyclotimia,,0,114
Cyhra,power metal; symphonic metal,38,45455
Cynic,progressive metal; death metal; djent; progressive rock; metal,31,129928
Daft Punk,french house; electronic; electro,81,10833551
Damian Wilson,symphonic metal; gothic metal; progressive rock,16,5145
Damnation Plan,melodic death metal; progressive metal,1,1783
Dan Whitlam,spoken word,41,37682
Dance Gavin Dance,post-hardcore; screamo; metalcore; emo; math rock,64,807771
Dance With the Dead,synthwave; darkwave; vaporwave,46,251701
Danger Mouse,,67,276642
Daniel Avery,idm; acid house,43,130001
Daniel Cavanagh,progressive rock,18,13906
Daphni,,41,122974
Dario Marianelli,soundtrack,58,114553
Dark Sky,,36,45544
Dark Tranquillity,melodic death metal; death metal; metal,48,407091
Darkseed,gothic metal; gothic rock; drone metal; doom metal; industrial metal,24,24431
DARKSIDE,downtempo,41,263505
Darkthrone,black metal; metal; death metal,42,495855
Daron Malakian and Scars On Broadway,alternative metal; nu metal,51,273853
Darren Korb,soundtrack,53,117279
Daughtry,,65,2375305
Dave Brubeck,jazz; cool jazz,46,442797
Dave Gahan,alternative dance,37,224031
Dave Hause,folk punk,39,43878
David Bowie,glam rock; art rock,75,11733032
David Byrne,art rock; art pop,55,438361
David Cross,comedy; spoken word,25,40172
David Gilmour,progressive rock,56,2010588
David Lynch,dark ambient,38,189108
David Sylvian,art pop; art rock,40,146564
Dawn Of Solace,melodic death metal; doom metal; gothic metal; drone metal,20,21789
Days Of The New,grunge; post-grunge,49,435679
De/Vision,ebm; synthpop; industrial; darkwave,34,57206
Dead by April,metalcore,49,421465
Dead Can Dance,darkwave; gothic rock; neoclassical; deathrock; post-punk; new age; cold wave,47,482892
Dead Kennedys,punk; hardcore punk; skate punk; proto-punk,54,946474
Dead Letter Circus,progressive rock; progressive metal; djent,32,63839
Dead Sara,,44,148574
DEADLETTER,post-punk,37,40025
Deaf Center,drone; ambient; dark ambient; neoclassical,24,25799
Deaf Havana,,47,124360
Deaf Radio,stoner rock; stoner metal; space rock,23,17366
Deafheaven,black metal; shoegaze; post-rock,47,297483
DEAR MOTHER,,13,9319
Death Angel,thrash metal; speed metal; metal; groove metal; heavy metal,39,404949
Death Cab for Cutie,,60,1599529
Death From Above 1979,garage rock,45,307314
Death Grips,experimental hip hop; experimental,55,968570
Death In June,darkwave; deathrock; post-punk; gothic rock; cold wave; industrial,40,114857
Death In Vegas,big beat; trip hop,40,162634
Deena Abdelwahed,,13,17987
Deep Purple,hard rock; classic rock; rock,65,5974068
Def Leppard,glam metal; glam rock; classic rock,69,5656545
Defeater,melodic hardcore; post-hardcore; hardcore; hardcore punk; screamo,34,117134
Deftones,nu metal; alternative metal; rap metal; shoegaze; rock,81,7653696
Deicide,death metal; grindcore; metal; black metal,45,455496
Deine Lakaien,darkwave; ebm; gothic rock; deathrock; cold wave; industrial,31,55787
Delain,symphonic metal; gothic metal; power metal; metal; gothic rock,45,297406
Delerium,trance,58,121380
Demons & Wizards,power metal; symphonic metal; metal; heavy metal,33,132992
Denzel Curry,,69,2854564
Depeche Mode,new wave; synthpop; darkwave,73,7347704
Derek Sherinian,progressive metal; progressive rock; jazz fusion,28,31600
Desiderii Marginis,dark ambient; drone; ambient,28,16191
dEUS,,42,130876
Deutsch Nepal,dark ambient; industrial; drone metal; drone,11,7109
Deva Premal & Miten with Manose,,28,12843
Devil May Care,metalcore,25,10093
Devil Sold His Soul,melodic hardcore; post-hardcore; metalcore; screamo; post-rock,20,20198
DevilDriver,groove metal; metal; melodic death metal,45,527024
Devin Townsend,progressive metal; progressive rock; djent,40,252378
Devin Townsend Project,progressive metal; progressive rock; djent; metal,40,251234
DeWolff,blues rock,36,65542
Dexter Gordon,hard bop; jazz; bebop; cool jazz,45,227695
Dhafer Youssef,sufi,39,129847
Diamanda Galás,avant-garde; experimental; gothic rock,23,62359
Diamond Head,heavy metal; speed metal; metal,35,197670
Diary Of Dreams,darkwave; ebm; industrial; gothic rock; deathrock; cold wave; synthpop; gothic metal,36,83444
Didier Marouani,space music; hi-nrg,20,3949
Dido,,72,2142450
Die Form,ebm; industrial; darkwave; cold wave; industrial rock; deathrock; gothic rock; industrial metal,28,25393
Die Krupps,ebm; industrial; industrial metal; industrial rock; darkwave,34,64319
Die Toten Hosen,german pop; neue deutsche welle,60,1620999
Digimortal,industrial metal; industrial,16,6462
DIIV,shoegaze; dream pop,46,411982
Dimmu Borgir,black metal; metal; symphonic metal; death metal,48,580521
Dinosaur Jr.,noise rock; grunge; alternative rock; power pop,49,591185
Dio,heavy metal; metal; hard rock; glam metal,60,2970071
Diorama,ebm; darkwave; synthpop; industrial; gothic rock,30,28669
Dire Straits,classic rock,76,8811293
Disarmonia Mundi,melodic death metal; death metal; metal,35,63879
DISPATCH,jam band,51,310107
Dissection,black metal; melodic death metal; metal; death metal,44,258796
Disturbed,metal; nu metal; alternative metal; rap metal; hard rock,74,7624290
DITZ,noise rock; queercore; post-punk,32,28487
Dog Unit,space rock; stoner rock; post-rock,9,2628
Dolphin,cold wave,34,101519
Don Henley,yacht rock,63,1731039
Doom:VS,doom metal; gothic metal; sludge metal; drone metal; stoner metal,15,10092
DoomCannon,nu jazz,10,4919
Downfall Of Gaia,black metal; sludge metal; drone metal,15,26687
Download,industrial; ebm; industrial rock; idm; industrial metal,16,17546
Draconian,gothic metal; doom metal; symphonic metal; melodic death metal; gothic rock,40,180005
Dragon Throne,power metal; symphonic metal; stoner metal,0,285
DragonForce,power metal; speed metal; metal; symphonic metal,56,1246078
Dragonlord,black metal; symphonic metal,9,12857
Drahla,post-punk; riot grrrl; noise rock; egg punk,20,25842
Drake,rap,95,102653451
Dream on Dreamer,metalcore; post-hardcore,37,107667
Dream Theater,progressive metal; progressive rock; metal,60,1771628
Dream Unending,doom metal; sludge metal; death metal; drone metal,14,11445
Drowning Pool,nu metal; alternative metal; rap metal; metal,62,2440557
Drudkh,black metal; metal; folk metal,30,100350
Dry Cleaning,post-punk; spoken word,42,147458
Dua Lipa,pop,84,46815187
Duran Duran,new wave; synthpop,71,3560506
Dvne,sludge metal; progressive metal; stoner metal; doom metal,26,35728
Dynazty,power metal; symphonic metal; metal; arena rock,51,122277
Décembre Noir,doom metal; melodic death metal; gothic metal; drone metal,8,7964
Earthside,progressive metal; djent; progressive rock; post-rock,31,53284
Echo & the Bunnymen,new wave; post-punk; gothic rock,55,1042483
Echolyn,progressive rock; progressive metal; art rock; jazz fusion,11,9172
Edge Of Sanity,melodic death metal; death metal; progressive metal; metal,32,70443
Edguy,power metal; symphonic metal; speed metal; metal; heavy metal; progressive metal,44,306603
Editors,,50,764570
Eefje de Visser,nederpop,47,86714
Egor Letov,,36,128632
Einar Solberg,progressive metal; progressive rock,24,14109
Einherjer,folk metal; black metal,20,37043
Einmusik,melodic techno; melodic house; minimal techno; progressive house; techno,43,118522
Einstürzende Neubauten,industrial; industrial rock; experimental; ebm; avant-garde; krautrock; noise rock; post-punk,36,232077
Elbow,,51,560384
Electric Callboy,metalcore; metal,65,1079399
Electric Light Orchestra,art rock,70,4446621
Electric Wizard,stoner metal; sludge metal; doom metal; drone metal; drone,46,397827
Elias Rønnenfelt,,53,21723
Ellen Allien,acid techno; techno; minimal techno; electroclash; idm,33,184004
Elliott Smith,singer-songwriter,64,1341375
Eloy,reggaeton,59,57797
Elton John,,80,15487168
Eluveitie,folk metal; symphonic metal; melodic death metal; medieval metal; power metal; celtic; metal; celtic rock; medieval; folk,53,614896
Elvenking,power metal; folk metal; symphonic metal; medieval metal; metal,40,124916
Elvis Costello,power pop,52,602685
Elvis Costello & The Attractions,new wave; power pop,48,314987
Emancipator,trip hop; downtempo; chillstep,52,409351
"Emerson, Lake & Palmer",progressive rock; art rock,52,1150826
Emigrate,industrial metal; industrial rock; industrial,42,234605
Eminem,rap; hip hop,88,104205843
Emma Ruth Rundle,sludge metal; doom metal; drone metal,39,139317
Empire Of The Sun,,77,1999666
Employed To Serve,mathcore; metalcore,28,46689
End Of Green,gothic metal; gothic rock; doom metal,23,19255
Enrico Sangiuliano,techno; minimal techno; acid techno; tekno,51,212978
Ensiferum,folk metal; melodic death metal; power metal; metal; medieval metal; folk; symphonic metal,44,340874
Enslaved,black metal; progressive metal; metal; folk metal; norsk rock,35,172915
Enter Shikari,post-hardcore; metalcore,53,492452
Entwine,gothic metal; gothic rock; finnish rock; doom metal,29,35398
envy,screamo; post-rock; post-hardcore; melodic hardcore; mathcore,26,58103
Epic45,post-rock; ambient,19,15895
Epica,symphonic metal; gothic metal; power metal; metal; folk metal; gothic rock,54,973403
Erasure,synthpop; new wave,61,1183332
Eric Clapton,blues; blues rock; classic rock,70,6554083
Erik Truffaz,nu jazz; french jazz; jazz; jazz fusion; acid jazz,37,64558
ETOLUBOV,,35,47418
Europe,glam metal,63,1966325
Eurythmics,new wave; synthpop,67,2323146
Evanescence,alternative metal,74,6104681
Evergrey,progressive metal; power metal; metal; progressive rock,38,121038
Every Time I Die,mathcore; metalcore; hardcore; post-hardcore; hardcore punk,43,244711
Everything Everything,,48,302728
Exit North,,26,4975
Exodus,thrash metal; speed metal; metal; groove metal; heavy metal,49,855219
Exotic Animal Petting Zoo,mathcore; post-hardcore; progressive metal; djent,11,9611
Explosions In The Sky,post-rock,47,667840
Exxasens,post-rock; space rock; math rock,26,18550
Eyes Set To Kill,post-hardcore; screamo; metalcore,38,276292
Ezra Collective,jazz rap; nu jazz; indie soul,58,376551
FACS,noise rock; post-punk,16,12883
Faith No More,funk rock; alternative metal; rap metal; grunge,60,1939538
Fall Out Boy,emo; pop punk,77,11397335
Falling In Reverse,emo; rap metal,74,4258316
Fallujah,death metal; progressive metal; djent; deathcore; melodic death metal; metal,35,95375
Famous Last Words,metalcore; post-hardcore; screamo,37,127407
Fani Konstantinidou,drone; dark ambient,0,108
Fantastic Negrito,southern gothic; modern blues; blues rock; blues,42,205053
Farmer Boys,,2,209
Fatboy Slim,big beat,62,1401548
Fates Warning,progressive metal; progressive rock; metal; power metal; heavy metal,29,91141
Faun,medieval; medieval metal; celtic; folk metal; folk,51,417773
Fear Factory,industrial metal; groove metal; industrial rock; industrial; nu metal; metal; rap metal; alternative metal,51,745088
FEARSTbeats,,30,6814
Feed Her to the Sharks,metalcore; deathcore; post-hardcore,30,53999
Feeder,britpop,50,250731
Feuerschwanz,medieval metal; medieval; folk metal; folk rock; power metal,52,235832
FEVER 333,rap metal; rap rock,50,285713
Fever Ray,,49,490815
FGFC820,ebm; industrial; industrial metal; darkwave,25,22839
Fields Of The Nephilim,gothic rock; deathrock; darkwave; post-punk; gothic metal; cold wave,35,138252
Fires in the Distance,melodic death metal; doom metal; death metal,19,17020
Fit For A King,metalcore; christian rock; deathcore; metal; djent,57,484622
Fit For An Autopsy,deathcore; death metal; metalcore; metal; djent,48,258880
Five Finger Death Punch,metal; groove metal; heavy metal; hard rock; rock,71,6910918
FKA twigs,art pop; alternative r&b,63,1438112
Fleetwood Mac,classic rock; yacht rock; soft rock,83,13904657
Fleshgod Apocalypse,death metal; symphonic metal; melodic death metal; metal; deathcore,41,217942
Floating Points,idm; gnawa,48,390166
Florence + The Machine,baroque pop,76,7203364
Flotsam & Jetsam,thrash metal; speed metal; groove metal; metal; heavy metal,32,120333
Flume,future bass,68,2507116
Flying Colors,progressive rock; progressive metal,29,63756
Flying Lotus,idm; experimental hip hop; nu jazz; glitch,51,829440
Flëur,,42,189450
Foals,indie,61,1460236
Followed By Ghosts,post-rock,10,7543
Fontaines D.C.,post-punk,70,1122463
Foo Fighters,rock; post-grunge; alternative rock; grunge,75,12917848
For I Am King,melodic death metal; deathcore; metalcore,18,14426
For The Fallen Dreams,metalcore; melodic hardcore; post-hardcore; deathcore; hardcore,32,125397
Foreigner,aor; classic rock,71,3814382
Forest Swords,idm,33,106195
Fort Minor,rap rock,59,704045
Foster The People,,70,4020990
Four Tet,idm; electronica,59,798686
Foxing,midwest emo; emo; math rock,42,141387
Frail Body,screamo; mathcore; post-hardcore,22,24426
Frank Carter & The Rattlesnakes,,43,221595
Frank Duval,,31,17158
Frankie and the Witch Fingers,psychedelic rock; neo-psychedelic; garage rock; acid rock,38,71611
Franz Ferdinand,indie rock,68,2981285
Freddie Mercury,,57,7007676
Fredrika Stahl,french jazz,36,21323
French TV,progressive rock; art rock; avant-garde,0,917
Friko,,29,32978
From Autumn To Ashes,post-hardcore; screamo; metalcore; emo,39,161201
Front 242,ebm; industrial; industrial rock; darkwave; industrial metal; new wave; cold wave; synthpop,37,164984
Front Line Assembly,industrial; ebm; industrial metal; industrial rock; darkwave,34,102309
Frost*,progressive rock; progressive metal; art rock,26,32723
Froukje,nederpop,55,117370
Fuck Buttons,idm; post-rock,23,61816
Fugazi,post-hardcore; punk; noise rock; hardcore punk,53,682663
Funeral For A Friend,post-hardcore; screamo; emo,44,257414
Funker Vogt,ebm; industrial; darkwave; industrial metal; industrial rock; synthpop,29,47452
Fur Coat,melodic techno; melodic house; minimal techno,27,35258
Future Islands,,58,660156
Fuzz Against Junk,latin jazz,1,443
Gamma Ray,power metal; speed metal; metal; heavy metal; symphonic metal,41,307891
Gang of Youths,,53,418091
Garbage,,58,1327617
Gazpacho,progressive rock; art rock; progressive metal,27,57330
Geddy Lee,progressive rock,28,41452
Geese,,64,160297
Genesis,progressive rock; art rock,69,3728604
Genghis Tron,mathcore; grindcore,17,33974
Gentle Giant,progressive rock; art rock; krautrock,38,249829
Ghost,metal; hard rock,73,3754873
GHØSTKID,metalcore; deathstep,38,87279
Gilla Band,noise rock; post-punk; industrial rock,28,75745
Glass Animals,,73,4559281
Glassjaw,post-hardcore; screamo; mathcore,46,173656
Glen Hansard,,50,358332
Goat,neo-psychedelic; psychedelic rock; space rock; stoner rock,40,156361
God Is An Astronaut,post-rock; space rock; math rock,42,290005
God Module,ebm; industrial; darkwave; industrial metal,28,41096
Godflesh,industrial metal; industrial; industrial rock; sludge metal; drone metal; noise rock; stoner metal; groove metal; ebm; drone,34,97275
Godsmack,alternative metal; nu metal; hard rock; rap metal; metal,66,3675398
Godspeed You! Black Emperor,,22,477657
Gogol Bordello,folk punk,47,388128
Gojira,progressive metal; groove metal; metal; death metal; djent,63,1778591
Goldfrapp,trip hop; electroclash; art pop,50,593970
Gomma,,25,24659
Gong,space rock; progressive rock; krautrock; psychedelic rock; art rock; jazz fusion; avant-garde; acid rock,32,115306
Good Charlotte,pop punk; punk; emo,64,2849264
Gorillaz,,82,14384146
Gospel Souls,gospel,30,10166
Gossip,riot grrrl; queercore,49,362841
Gost,synthwave; darkwave,36,79503
Gotan Project,tango; nu jazz,51,423558
Grails,post-rock; space rock; drone,27,46611
grandson,,63,1227124
Grateful Dead,jam band; psychedelic rock; acid rock,63,2032858
Grave Digger,power metal; speed metal; heavy metal; metal,35,163674
Gravity Kills,industrial rock; industrial; industrial metal; ebm,29,73234
Grayscale Season,metalcore; djent; shoegaze; deathcore,29,12024
Grazhdanskaya Oborona,noise rock; post-punk,43,188418
Green Day,punk; pop punk,80,17271809
Greta Van Fleet,rock,63,2760045
Grian Chatten,,48,76218
Gridlocks,lounge,19,558
Grima,black metal,32,50514
Grimes,art pop,66,2616929
Guano Apes,nu metal,52,388882
Guilt Machine,progressive metal; progressive rock,19,18335
Guns N' Roses,rock; glam metal; hard rock; classic rock,79,35070384
Guy Manning / Manning,progressive rock,0,45
H.E.A.T,aor; arena rock; hard rock; glam metal; glam rock,44,91663
Hacktivist,djent; rap metal; progressive metal; rap rock; metalcore; trap metal,30,61337
Haken,progressive metal; progressive rock; djent; metal,42,236532
Halestorm,,64,1628921
Halsey,,80,22362766
HammerFall,power metal; metal; speed metal; heavy metal; symphonic metal; folk metal,53,692545
Hammok,noise rock; norsk rock; mathcore; post-hardcore; screamo,7,2757
Hands Like Houses,post-hardcore; metalcore,46,285635
Harakiri for the Sky,black metal; melodic death metal; metal,37,121749
Haujobb,ebm; industrial; industrial rock; darkwave; cold wave; industrial metal; synthpop; idm,19,19412
Have A Nice Life,shoegaze; slowcore,53,501856
Havok,thrash metal; speed metal; groove metal; metal,38,200082
Hawkwind,space rock; progressive rock; krautrock; psychedelic rock; proto-punk; acid rock; hard rock; stoner rock; art rock,37,136702
Hayley Williams,art pop,71,956215
HEALTH,noise rock; witch house; industrial; industrial rock; industrial metal,56,316400
Heartworms,post-punk,32,28521
Hecq,idm; dark ambient; glitch; ambient; drone,14,11392
Helena Hauff,acid house; ebm; acid techno; cold wave,24,64287
Helloween,power metal; speed metal; heavy metal; metal; symphonic metal,59,1384099
Heretoir,black metal; post-rock; shoegaze,37,48799
Heriot,mathcore,30,30009
Hidden Orchestra,nu jazz; trip hop; downtempo,37,104273
High Vis,post-punk,44,69349
Highly Suspect,post-grunge,57,675107
HIM,gothic metal; gothic rock; finnish rock,63,1034196
HMLTD,art rock; post-punk,25,49009
Hocico,ebm; industrial; industrial metal; darkwave; gothic rock,39,102302
Hole,riot grrrl; grunge,60,1435324
Hollywood Undead,rap rock; rap metal,65,2495950
Holy Fawn,shoegaze; post-rock,33,64037
Holy Moses,thrash metal; speed metal; groove metal,12,20742
Hooverphonic,trip hop; downtempo,51,473856
Horse Lords,math rock; neo-psychedelic; krautrock; experimental,17,19348
House Of Lords,aor; arena rock; glam metal; hard rock; glam rock,27,51882
House of Protection,metalcore,45,73080
How To Destroy Angels,industrial rock; industrial,38,159032
HTRK,cold wave,35,44414
Huis,progressive rock; progressive metal; art rock,29,6631
Hurts,,58,364523
HVOB,,47,232490
Hypocrisy,melodic death metal; death metal; metal; black metal,40,212072
Hüsker Dü,hardcore punk; post-punk; punk; noise rock; post-hardcore; proto-punk,41,257095
I Am Kloot,,31,57728
I Am Waiting for You Last Summer,post-rock,28,26180
I Killed The Prom Queen,metalcore; deathcore; post-hardcore; screamo,36,109650
I Prevail,metalcore; metal,68,1855203
I See Stars,metalcore; post-hardcore; screamo; deathstep,53,503958
Iamthemorning,progressive rock; art rock; progressive metal,18,18556
IAMX,,49,225895
Ibaraki,,22,42120
Iced Earth,power metal; metal; heavy metal; thrash metal; speed metal,45,384054
IDLES,post-punk; punk; noise rock,57,834306
If I Were You,metalcore; post-hardcore; djent; deathcore,35,63717
If These Trees Could Talk,post-rock; math rock,36,152395
Iggy Pop,proto-punk; glam rock,64,1780781
Iglooghost,idm; glitch; hyperpop; experimental,38,111723
Igorrr,breakcore; avant-garde,52,295525
Ihsahn,progressive metal; black metal; avant-garde; metal; progressive rock,30,120878
Ill Considered,nu jazz; free jazz; indie jazz; jazz; jazz fusion,26,28835
Ill Niño,nu metal; rap metal; alternative metal; metal,47,513566
Imminence,metalcore; metal,56,387043
Impaled Nazarene,black metal; metal,31,96209
In Extremo,medieval metal; medieval; folk metal; folk rock,48,269936
In Flames,melodic death metal; metal; death metal; metalcore,60,1289869
In Gowan Ring,,22,16226
In Mourning,melodic death metal; progressive metal; death metal; doom metal,37,63602
In Slaughter Natives,dark ambient; industrial; neoclassical,6,6800
In Strict Confidence,ebm; industrial; darkwave; gothic rock; synthpop; industrial metal,29,39597
In The Woods...,black metal; doom metal; progressive metal; avant-garde; gothic metal,24,36267
In This Moment,metal,59,1435989
In Vain,melodic death metal; progressive metal; death metal,24,30710
Incubus,nu metal; funk rock; alternative metal; alternative rock,68,3631681
Infected Mushroom,psytrance; trance,52,790083
Inferi,melodic death metal; death metal; deathcore,29,53123
Inhaler,,57,504573
Inkubus Sukkubus,gothic rock; deathrock; darkwave; gothic metal; post-punk,31,49478
Insomnium,melodic death metal; death metal; metal; doom metal; folk metal,44,285148
Inter Arma,sludge metal; drone metal; doom metal; stoner metal; drone,16,31129
Interpol,indie rock; post-punk,61,1820840
Intervals,djent; progressive metal; math rock; progressive rock,44,221012
Intronaut,progressive metal; sludge metal; djent; stoner metal,22,69582
INXS,,68,3067995
IQ,progressive rock; progressive metal; art rock,36,42217
Iron Maiden,heavy metal; metal; hard rock; rock,71,10341635
Iron Savior,power metal; speed metal; heavy metal; metal; symphonic metal,32,90624
Isis,mexican rock; rock en español,40,32783
Iszoloscope,industrial; dark ambient; ebm; noise music; industrial rock; idm,7,5299
Ivanhoe,progressive metal; power metal; progressive rock,11,2602
Jack White,blues rock,54,1417782
Jakob,post-rock; space rock,24,17768
James Blake,,65,1546316
James Labrie,progressive metal; progressive rock,25,62604
Jamie xx,,59,944014
Jamiroquai,acid jazz; funk,69,2740594
Jane Air,nu metal,31,38614
Jane Remover,hyperpop,56,160053
Jane's Addiction,funk rock; grunge,53,1516275
Japanese Breakfast,,58,838182
Jean-Michel Jarre,new age; electronic; space music,52,655225
Jeff Beck,jazz fusion; blues rock; blues,53,833496
Jeff Loomis,progressive metal; djent; neoclassical,35,49422
Jerry Cantrell,grunge; post-grunge,43,340119
Jessica Pratt,ambient folk,54,169555
Jethro Tull,progressive rock; art rock; classic rock,56,1969823
Jimi Hendrix,psychedelic rock; classic rock; acid rock; blues rock,66,7351202
Jimi Tenor,,30,24970
Jimmy Eat World,emo; pop punk,65,1792822
Joan As Police Woman,,37,97408
Job For A Cowboy,deathcore; death metal; metal; metalcore,39,272188
Joe Satriani,,50,699788
John 5,,37,104809
John Coltrane,jazz; hard bop; free jazz; bebop; cool jazz; jazz blues,64,1819552
John Coltrane Quartet,jazz; cool jazz; hard bop; free jazz; bebop,53,239670
John Frusciante,,49,646201
John Glacier,experimental hip hop,46,45089
John Petrucci,progressive metal; progressive rock,39,235577
John Zorn,avant-garde; free jazz; experimental; jazz blues,32,92587
Jon Hopkins,idm; ambient,54,567593
Jon Oliva's Pain,progressive metal; power metal; heavy metal,18,21945
Jonathan Davis,,44,235363
Jonquera,,10,969
Jordan Rudess,progressive metal; progressive rock,35,72354
Jorn,power metal; norsk rock; hard rock; heavy metal; metal,46,96216
Journey,aor; classic rock,72,6480905
Joy Division,post-punk; new wave; gothic rock; darkwave; madchester; cold wave,62,2770990
Judas Priest,heavy metal; metal; hard rock; glam metal,64,4512491
Justice,french house; new rave,65,1395946
Ka,experimental hip hop; east coast hip hop; underground hip hop; alternative hip hop,41,85677
Kadavar,stoner rock; stoner metal; sludge metal; doom metal; space rock; psychedelic rock,39,141584
Kaipa,progressive rock; progressive metal; art rock,17,18945
KALEO,,70,2037602
Kalmah,melodic death metal; death metal; folk metal; metal,36,141969
Kamasi Washington,jazz,50,526967
Kamelot,power metal; symphonic metal; gothic metal; progressive metal; metal; speed metal; folk metal,47,409542
Kangding Ray,idm; glitch; dub techno; minimal techno,43,49615
Kansas,classic rock; progressive rock; aor,64,1924521
Kanye West,rap,88,30944275
Karate,slowcore; post-rock; post-hardcore,29,37813
Kardashev,deathcore; progressive metal; djent; synthwave,32,40020
Karmakanic,progressive rock; progressive metal; art rock,15,13687
Karnivool,progressive metal; progressive rock; alternative metal; djent,47,240108
Kasabian,britpop; indie; indie rock,60,1867856
Kassa Overall,jazz rap,34,33046
Kasta,,42,144879
Kataklysm,death metal; melodic death metal; metal; groove metal,42,200351
Katatonia,gothic metal; doom metal; progressive metal; progressive rock; metal,49,442437
Keane,,73,3906714
Kedr Livanskiy,,31,70028
Keep Of Kalessin,black metal; norsk rock; melodic death metal; metal,18,33857
Keith Jarrett,jazz,50,431220
Kelly Lee Owens,,43,148501
Ken Hensley,,22,28875
KEN Mode,noise rock; mathcore; sludge metal; post-hardcore; drone metal,18,30177
Kendrick Lamar,hip hop; west coast hip hop,89,44367055
Kendrick Scott,jazz,27,18871
Kenny Segal,experimental hip hop; jazz rap; alternative hip hop,44,40749
Kepler Ten,progressive rock; arena rock; progressive metal,6,1056
Khemmis,doom metal; stoner metal; sludge metal; stoner rock,29,62785
Kick Chill,noise rock; stoner rock,2,651
Kid Rock,,65,2986804
Killing Joke,post-punk; gothic rock; industrial rock; new wave; industrial metal; deathrock; darkwave; industrial; cold wave,46,373703
Killswitch Engage,metalcore; metal,62,2158725
Kim Gordon,noise rock,25,95539
King 810,,45,132896
King Crimson,progressive rock; art rock; psychedelic rock,54,1303842
King Diamond,heavy metal; metal; speed metal,42,524589
King Dude,southern gothic,33,73798
King Gizzard & The Lizard Wizard,neo-psychedelic; psychedelic rock,36,1318880
King Hannah,,38,58620
Kingcrow,progressive metal; progressive rock; djent,23,24236
Kingdom Come,glam metal; aor; hard rock; arena rock; glam rock,41,141600
Kings of Leon,,75,5746194
Kirlian Camera,ebm; darkwave; industrial; cold wave; synthpop; gothic rock; deathrock; hi-nrg,31,23514
KISS,glam rock; glam metal; hard rock; rock; classic rock,70,10940558
Kissin' Dynamite,glam metal; arena rock,42,68618
Klaus Schulze,krautrock; space music; ambient; space rock; new age; drone,36,102853
Klone,progressive metal; progressive rock; groove metal; djent,31,40345
KMFDM,industrial; industrial metal; industrial rock; ebm,57,473853
Knocked Loose,hardcore; metalcore; deathcore; hardcore punk,58,630008
Kobra And The Lotus,symphonic metal; power metal,26,56438
Komsomolsk,,37,146943
Korn,nu metal; metal; rap metal; alternative metal,75,9638297
Korol i Shut,horror punk,54,1846236
Kraftwerk,krautrock; neue deutsche welle; synthpop; electronic; new wave; electro,51,884879
Kraków Loves Adana,,18,9606
Kreator,thrash metal; speed metal; metal; groove metal; heavy metal,50,850850
Krematorij,,31,85084
Kvelertak,norsk rock; sludge metal,37,164981
KYPCK,doom metal; sludge metal; stoner metal,9,5842
KÁRYYN,experimental,12,11514
L'âme Immortelle,ebm; darkwave; industrial; gothic rock; gothic metal; medieval metal; industrial rock; industrial metal,29,54330
L.A. Guns,glam metal; glam rock; hard rock,43,471315
L.S. Dunes,post-hardcore,37,93128
La Dispute,post-hardcore; midwest emo; spoken word; melodic hardcore; screamo; emo,54,458522
La Femme,french indie pop; french pop; french house,56,604818
Lacrimas Profundere,gothic metal; gothic rock; doom metal; symphonic metal; drone metal,33,77431
Lacrimosa,gothic metal; symphonic metal; gothic rock; darkwave,45,287399
Lacuna Coil,gothic metal; symphonic metal; gothic rock; metal,52,770920
Lady Blackbird,retro soul,41,76805
Laibach,industrial; ebm; industrial metal; industrial rock; darkwave,33,100758
Laika,thai indie pop; thai pop; thai indie rock,23,49008
Lake Of Tears,gothic metal; doom metal; gothic rock,34,68575
Lamb,trip hop; downtempo,42,258264
Lamb of God,groove metal; metal; heavy metal; nu metal; death metal,61,2300051
Lana Del Rey,,88,51439037
Lane 8,melodic house; progressive house; deep house,58,457257
Lankum,folk; traditional folk; southern gothic; celtic,37,95244
Last in Line,hard rock,13,18373
LCD Soundsystem,alternative dance; new rave,59,1239306
Leaves' Eyes,symphonic metal; gothic metal; folk metal; power metal; gothic rock; metal,34,188728
Lebanon Hanover,darkwave; cold wave; post-punk; gothic rock; deathrock,54,529861
Led Zeppelin,classic rock; rock; hard rock; rock and roll,76,15934289
Lee Abraham,progressive rock; progressive metal; art rock,24,6252
Leftfield,big beat; trip hop; downtempo,45,243589
Lenny Kravitz,,70,3598435
Leprous,progressive metal; progressive rock; djent; metal,48,294660
Les Discrets,post-rock; shoegaze; black metal; doom metal,31,77875
Les Savy Fav,noise rock,25,38599
LESNIK,post-rock,1,271
Leæther Strip,ebm; industrial; industrial rock; industrial metal; darkwave; synthpop,29,31299
Liam Gallagher,britpop; madchester,56,1233001
Lightning Bolt,noise rock; math rock,28,99603
LIGHTS OUT ASIA,post-rock; ambient,19,13320
Limbonic Art,black metal; metal,18,45575
Limp Bizkit,nu metal; rap metal; alternative metal; rap rock,77,8080615
Linkin Park,nu metal; rap metal; rock; alternative metal,87,31627936
Liquid Divine,ebm; synthpop; industrial; darkwave,4,1946
Liquid Tension Experiment,progressive metal; progressive rock; djent,35,228013
Lisa Gerrard,soundtrack,63,208005
Lita Ford,glam metal; hard rock; glam rock,48,516975
Liv Kristine,gothic metal; symphonic metal; gothic rock,31,44889
Live,post-grunge; grunge,61,894023
Loathe,shoegaze,60,501475
Locrian,drone metal; drone; dark ambient; post-rock; sludge metal; doom metal,12,12646
London After Midnight,gothic rock; deathrock; darkwave; post-punk; gothic metal; cold wave,47,272060
London Brew,jazz funk; nu jazz,11,5320
London Grammar,,63,1641679
Lonely Guest,trip hop,24,6663
Lonely Robot,progressive rock; progressive metal,18,12702
Long Distance Calling,post-rock; progressive rock; progressive metal; space rock,30,82030
Lord Of The Lost,gothic metal; industrial metal; gothic rock; medieval metal; industrial rock; industrial,52,200852
Lorde,,79,10516785
Lords of Black,power metal; heavy metal; speed metal,20,21801
Lorna Shore,deathcore; death metal; metal; metalcore,62,893954
Loscil,drone; ambient; space music; dark ambient; idm,36,74406
Lost in Kiev,post-rock,19,20859
Lost Society,thrash metal; groove metal; metal,38,100388
Luigi Tozzi,dub techno; minimal techno; techno,25,21525
Lumen,,35,154113
Lunascape,trip hop; downtempo,11,5876
Lunatic Soul,progressive rock; progressive metal; art rock,36,86276
Lund Quartet,nu jazz; trip hop,31,16729
Lush,shoegaze; dream pop; britpop; slowcore,44,289465
Lustmord,dark ambient; drone; ambient,32,59547
Lykke Li,,67,1945900
M83,,69,2604372
Machinae Supremacy,power metal,35,67479
Machine Girl,breakcore; speedcore; jungle; hyperpop,56,663592
Machine Head,groove metal; metal; nu metal; thrash metal; hard rock; heavy metal,55,1416313
Machine Men,power metal; heavy metal,5,2251
Mad Season,grunge; post-grunge,49,692349
Madball,hardcore; hardcore punk,40,188996
Madonna,,77,8770911
Madrugada,norsk rock; norwegian pop,47,192506
Maeror Tri,dark ambient; drone; ambient; industrial,4,2418
Make Them Suffer,deathcore; metalcore; djent; metal,53,346802
Man With No Name,psytrance; trance,27,25719
"Mandy, Indiana",noise rock,19,20566
Manic Street Preachers,britpop,51,727564
Mantar,sludge metal; doom metal; stoner metal; black metal,26,35618
Manticora,power metal; progressive metal; speed metal,11,8206
Maps and Diagrams,drone; ambient; neoclassical; idm; dark ambient; space music,8,2136
Marduk,black metal; metal,37,284394
Marianne Faithfull,,50,238705
Maribou State,,64,485847
Marillion,progressive rock; art rock,55,531026
Marilyn Manson,industrial metal; industrial rock; industrial; metal; nu metal,70,4955276
Mark Guiliana,nu jazz; jazz; jazz fusion,35,41927
Mark Knopfler,soft rock,61,1722043
Marty Friedman,neoclassical,37,146413
Maruja,post-rock; art rock; noise rock; post-punk,46,75692
Massive Attack,trip hop; downtempo,68,2649400
Massive Wagons,,34,27657
MASTER BOOT RECORD,synthwave; industrial metal,38,91988
Masterplan,power metal; progressive metal; speed metal; symphonic metal; heavy metal; metal,39,120037
Mastodon,progressive metal; sludge metal; stoner metal; metal; groove metal; stoner rock,57,1037832
Matchbox Twenty,post-grunge,66,2684219
Max Richter,neoclassical; minimalism; classical; ambient,70,1134161
Maybeshewill,post-rock; math rock; djent,23,94899
Mazzy Star,dream pop; shoegaze; slowcore,70,1810581
Megadeth,thrash metal; metal; heavy metal; speed metal,68,6128891
Mekong Delta,thrash metal; progressive metal; speed metal,13,14830
Melotron,ebm; synthpop; industrial; darkwave,25,22042
Melt Yourself Down,,20,29617
Meltt,,54,80047
Melvins,sludge metal; grunge; stoner metal; stoner rock; drone metal; doom metal; noise rock; post-grunge,47,447654
Memphis May Fire,metalcore; post-hardcore; screamo,57,938573
Men I Trust,bedroom pop; indie pop,69,2316332
Meniscus,post-rock; math rock; space rock,29,20168
Mercyful Fate,heavy metal; metal; thrash metal; speed metal; black metal,40,369074
Merzbow,noise music; noise rock; drone; drone metal; experimental; free jazz; industrial; avant-garde; dark ambient,26,88153
Mesh,ebm; synthpop; industrial; darkwave,30,34332
Meshuggah,djent; progressive metal; groove metal; metal; death metal; mathcore,52,822585
Metal Church,thrash metal; speed metal; heavy metal; metal; power metal,41,240047
Metallica,metal; thrash metal; rock; heavy metal; hard rock,81,32041815
Metric,,61,917119
Metronomy,new rave; alternative dance,59,1102938
Metz,noise rock; post-punk,28,88155
MGMT,indie,72,3559503
Mick Jagger,,51,748166
Mick Jenkins,jazz rap,56,675352
Mike + The Mechanics,soft rock,57,751930
Mike Oldfield,progressive rock; new age,57,678252
Mike Patton,avant-garde,42,182641
Mike Portnoy,progressive metal; progressive rock,33,43744
Mike Shinoda,,53,603307
Miles Davis,jazz; cool jazz; hard bop; bebop; jazz fusion; free jazz; jazz blues,61,2730939
Militarie Gun,,42,52180
Mind.in.a.box,ebm; industrial; synthpop; darkwave,26,29304
Mindless Self Indulgence,,70,1598258
Ministry,industrial; industrial metal; industrial rock; ebm; darkwave; nu metal,49,583655
Minor Conflict,post-punk,3,1327
Misfits,horror punk; punk; psychobilly; hardcore punk; skate punk,62,1657324
Mitski,,78,10991025
Mlada Fronta,ebm; industrial; idm; synthwave; dark ambient,3,2529
Moby,downtempo; trip hop,67,2061069
Modeplex,melodic techno; melodic house; progressive house,17,7175
Moderat,idm; electronica,54,762309
Modern English,new wave; synthpop,46,220360
Modern Nature,krautrock; neo-psychedelic,26,11270
Modeselektor,idm,43,248158
Modest Mouse,indie rock; indie; alternative rock,62,1570105
Mogwai,post-rock; shoegaze,48,622469
Molchat Doma,post-punk; darkwave; cold wave; gothic rock,60,1575569
Moloko,trip hop,53,491821
Molotov,rock en español; mexican rock; latin rock; ska; latin alternative; mexican hip hop; latin hip hop,65,2484195
Monetochka,,56,1324160
Monika Kruse,techno; minimal techno,35,92421
Monika Roscher Bigband,progressive rock,22,29561
Monkey3,stoner rock; space rock; stoner metal; psychedelic rock; sludge metal; post-rock; drone metal; progressive rock,28,42098
MONO,post-rock; math rock,34,200582
Monolake,dub techno; idm; minimal techno; ambient; glitch,26,47454
Monolink,melodic techno; melodic house; techno,58,570038
Moon Safari,progressive rock; progressive metal,18,15005
Moonspell,gothic metal; doom metal; gothic rock; symphonic metal; metal; black metal,41,269088
Moor Mother,experimental hip hop; experimental; spoken word,31,52677
Morbid Angel,death metal; grindcore; metal; black metal,44,504986
Morcheeba,trip hop; downtempo,58,934782
Morokh,black metal,9,4716
Morphine,,48,398848
Morrissey,britpop; madchester; new wave; jangle pop,59,1233786
Mors Principium Est,melodic death metal; death metal; metal,43,107237
Mostly Autumn,progressive rock; art rock; progressive metal,28,25129
Mother of Millions,progressive metal; progressive rock,19,8994
Motion Trio,minimalism; tango,14,3968
Motionless In White,metalcore; metal; screamo,68,1991199
Motorama,post-punk; cold wave; darkwave,45,262296
Motorpsycho,norsk rock; progressive rock; stoner rock; space rock; psychedelic rock; art rock,29,55210
Motörhead,heavy metal; metal; speed metal; hard rock; rock,63,4470681
Mount Eerie,slowcore; anti-folk; indie folk,39,165674
Mouse On Mars,idm; glitch; krautrock,25,48540
Mouth Of The Architect,sludge metal; post-rock; stoner metal; doom metal; drone metal; drone,11,23915
Mr. Big,glam metal,57,704092
Mr. Bungle,avant-garde; funk rock,44,372509
Mujuice,,36,73880
Mullmuzzler,progressive metal; progressive rock,5,5873
Mumford & Sons,folk; indie folk; folk rock,72,6603246
Mumiy Troll,,46,329325
Muse,alternative rock; rock,75,8446473
Mushroomhead,nu metal; industrial metal; rap metal; alternative metal; metal,48,845538
Muslimgauze,industrial; industrial rock; idm; dark ambient; experimental; avant-garde; drone,26,48000
my bloody valentine,shoegaze; dream pop; slowcore; noise rock,52,1099663
My Chemical Romance,emo; pop punk,78,10254040
My Dying Bride,doom metal; gothic metal; sludge metal; stoner metal; gothic rock,38,198150
My Own Private Alaska,screamo,11,6509
My Sleeping Karma,stoner rock; space rock; psychedelic rock; stoner metal; post-rock; sludge metal,31,86380
Mylène Farmer,variété française; french pop; chanson,54,656293
Myrath,progressive metal; folk metal; power metal; symphonic metal; metal,35,117042
Myrkur,folk metal; black metal; celtic,43,223686
Mötley Crüe,glam metal; glam rock; hard rock,70,5946923
Nadine Shah,art rock,33,60076
Nailbomb,groove metal; industrial metal; sludge metal; thrash metal; industrial,41,159306
Nails,grindcore; mathcore; hardcore; hardcore punk; sludge metal; death metal,39,136224
Nathan Fake,idm; minimal techno,31,87556
Nation of Language,synthpop,55,144534
Nautilus Pompilius,,46,491460
Nazareth,hard rock,58,1648013
Ne Obliviscaris,progressive metal; melodic death metal; metal,39,160580
Neal Morse,progressive rock; progressive metal; christian rock,21,42483
Nearly God,trip hop; downtempo,16,18355
Nektar,progressive rock; krautrock; space rock; art rock; psychedelic rock,30,67970
Neurosis,sludge metal; stoner metal; drone metal; doom metal; drone; post-rock,30,151802
Neuroticfish,ebm; industrial; synthpop; darkwave,26,26929
Neutral Milk Hotel,anti-folk; folk punk,54,787222
Nevermore,progressive metal; groove metal; metal; thrash metal; power metal; heavy metal,37,144534
New Order,new wave; synthpop; post-punk; madchester,65,2462729
Nick Cave & The Bad Seeds,,62,1559398
Nick Cave & Warren Ellis,soundtrack,36,59915
Nick Drake,folk; singer-songwriter,60,944998
Nickelback,post-grunge; rock,77,7821677
Nicolas Jaar,downtempo; electronica,48,741896
Night Verses,progressive metal; djent; post-rock; post-hardcore,37,92705
Nightwish,symphonic metal; gothic metal; power metal; metal; folk metal; gothic rock,63,2419367
Nile,death metal; grindcore; metal,41,272430
Nilüfer Yanya,,50,249329
Nina Hagen,neue deutsche welle; brazilian rock,42,149052
Nine Inch Nails,industrial rock; industrial; industrial metal; alternative metal; nu metal,71,3051536
Nine Stones Close,progressive rock; progressive metal; art rock,6,3216
Ninet Tayeb,,42,72811
Nino Katamadze,,18,12714
Nirvana,grunge; rock,80,23276804
Nitzer Ebb,ebm; industrial; industrial rock; darkwave; industrial metal; synthpop,32,99150
No Doubt,,67,3117651
No-Man,progressive rock; art rock; art pop; space rock,20,35716
Nochnye Snaipery,,42,192850
Nocturnus,death metal; grindcore,23,48036
Noel Gallagher's High Flying Birds,britpop; madchester,57,1053550
NOFX,punk; skate punk; ska punk; ska; melodic hardcore; hardcore punk,57,1151866
Nogu Svelo!,,29,88318
Noise Unit,ebm; industrial; industrial rock; industrial metal,14,13006
Noisuf-X,ebm; industrial; industrial metal; darkwave,40,48150
Noize MC,,56,643027
Norah Jones,,71,3360991
Northlane,djent; metalcore; progressive metal; metal; deathcore; post-hardcore,51,373772
Nosound,progressive rock; post-rock; art rock; progressive metal; space rock,22,28698
Nothing,shoegaze; dream pop; slowcore,41,158565
Nothing But Thieves,,62,1322705
"nothing,nowhere.",emo rap,54,464355
Novembers Doom,doom metal; gothic metal; sludge metal; melodic death metal; stoner metal,32,67344
Novembre,gothic metal; doom metal; progressive metal; melodic death metal; drone metal,24,39730
Now And On Earth,metalcore; post-hardcore,17,17310
Numenorean,black metal,25,43982
Nurse With Wound,drone metal; industrial; experimental; drone; avant-garde; dark ambient; krautrock,20,46146
O.R.k.,progressive metal; progressive rock,12,13310
Oasis,britpop; madchester,80,12308161
Oathbreaker,black metal; mathcore; sludge metal,25,72255
Obituary,death metal; metal; grindcore; thrash metal,46,576355
Obscura,death metal; progressive metal; melodic death metal; metal,32,133213
Oceans of Slumber,progressive metal; gothic metal; doom metal,26,54698
Oceansize,post-rock; progressive rock; space rock; progressive metal,27,47549
October Tide,doom metal; melodic death metal; gothic metal; sludge metal; drone metal; stoner metal; death metal,21,42079
ODESZA,chillwave; chillstep,64,1708403
Of Mice & Men,metalcore; post-hardcore; screamo; metal,57,1355836
Oh Hiroshima,post-rock; math rock; space rock,32,54515
Oh Wonder,,63,1093142
"Oh, Sleeper",metalcore; christian rock; post-hardcore; screamo,33,113084
Okean Elzy,,53,1184185
Olhava,black metal; drone metal,14,9619
Omar Rodríguez-López,math rock,30,114377
Omega Massif,sludge metal; doom metal; post-rock; drone metal; stoner metal; drone,15,17721
Omnium Gatherum,melodic death metal; death metal; metal,36,99592
On Thorns I Lay,gothic metal; doom metal; melodic death metal,15,13839
Onségen Ensemble,post-rock; progressive rock; space rock; stoner metal; stoner rock,4,3608
OOMPH!,industrial metal; industrial rock; industrial; ebm; medieval metal,46,411258
Opera IX,gothic metal; black metal; symphonic metal,16,28432
Opeth,progressive metal; progressive rock; metal; death metal; melodic death metal,57,1117604
Oranssi Pazuzu,black metal; avant-garde; drone metal; sludge metal,30,75059
Orgy,industrial rock; industrial metal; nu metal; industrial,49,395260
Origamibiro,neoclassical; drone,16,7640
Ornette Coleman,free jazz; jazz; avant-garde; hard bop; bebop,32,147763
Orphaned Land,folk metal; progressive metal; symphonic metal; metal,29,87224
Otep,nu metal; rap metal; metal; alternative metal,40,433312
Otto Dix,darkwave; ebm; industrial; gothic rock; deathrock,17,8342
Our Last Night,post-hardcore; metalcore,60,1219779
Oval,idm; glitch; ambient; drone; experimental; dub techno; neoclassical; minimalism,22,31948
Overkill,thrash metal; speed metal; groove metal; metal; heavy metal,41,610104
Overmono,uk garage; breakbeat,53,186058
Oxxxymiron,,51,643893
Ozric Tentacles,space rock; progressive rock; psychedelic rock; krautrock; neo-psychedelic; acid rock; jam band,32,91919
Ozzy Osbourne,metal; glam metal; heavy metal; hard rock,75,7518073
P.O.D.,nu metal; christian rock; rap metal; rap rock; alternative metal,61,2086517
Pain of Salvation,progressive metal; progressive rock,36,146490
Painbastard,ebm; industrial; industrial metal; darkwave,10,8973
Palaye Royale,,58,782914
Palisades,post-hardcore; metalcore,40,180285
Pallbearer,doom metal; sludge metal; stoner metal; drone metal; stoner rock,32,97401
Palm Reader,mathcore; metalcore; melodic hardcore; post-hardcore,15,14532
Pan Sonic,idm; glitch; drone; experimental; avant-garde; minimalism; minimal techno,19,23537
Pan-Pot,techno; minimal techno,36,222568
Panda Bear,neo-psychedelic,55,242387
Panic Lift,ebm; industrial; synthpop,15,5699
Panic! At The Disco,emo,74,12703035
Panopticon,black metal,31,72915
Pantera,groove metal; metal; thrash metal; heavy metal,71,6232204
Papa Roach,nu metal; rap metal; alternative metal; rap rock; rock,71,6068375
para bellvm,deathrock; gothic rock; post-punk,1,267
Paradise Lost,gothic metal; doom metal; gothic rock; sludge metal; metal; stoner metal,54,370270
Paramore,pop punk; emo,78,9758138
Pariah,uk funky,24,16275
Paris Paloma,,66,777382
Parkway Drive,metalcore; metal; deathcore,62,1273320
Parov Stelar,electro swing; swing music; nu jazz,59,1104299
Parov Stelar Trio,electro swing; swing music; nu jazz,28,34107
Passenger,folk pop,67,3752093
PATRIARKH,black metal; metal,36,183726
Paul McCartney,,69,5233600
Pavement,alternative rock; indie,58,736236
Pavlov's Dog,progressive rock; art rock,33,39363
Pearl Jam,grunge; rock; post-grunge,74,9890512
Peeping Tom,funk rock,29,84983
Pendragon,progressive rock,10,2677
Pendulum,drum and bass; dubstep,63,1018749
Pennywise,punk; skate punk; ska punk; melodic hardcore; hardcore punk; ska,53,813844
Penumbra,gothic metal; symphonic metal; doom metal; gothic rock,15,18688
Periphery,djent; progressive metal; metalcore; metal; mathcore,50,537731
Persefone,progressive metal; melodic death metal; djent; death metal; metal,33,79481
Perturbator,synthwave; darkwave; vaporwave,52,366847
Pestilence,death metal; grindcore; thrash metal,31,127611
Pet Shop Boys,synthpop; new wave,67,2184817
Peter Gabriel,art rock,62,1935087
Petlya Pristrastiya,post-punk; cold wave,26,25332
pg.lost,post-rock; math rock,26,78345
Phantogram,,69,962075
Phideaux,progressive rock; art rock; progressive metal; space rock,25,16445
Phil Collins,soft rock,75,7296468
Pianos Become The Teeth,melodic hardcore; screamo; post-hardcore; midwest emo; emo,30,84136
Pierce The Veil,emo; screamo; post-hardcore,76,3893558
Piknik,art rock,39,174936
Pink Floyd,progressive rock; psychedelic rock; classic rock; art rock; rock,79,22658725
Pixies,alternative rock,68,3528579
PJ Harvey,art pop; singer-songwriter; alternative rock,56,1197449
Placebo,britpop,62,2093311
Plaid,idm; glitch,34,118116
Plastikman,minimal techno; acid house; idm; acid techno; dub techno; techno,32,101882
Plini,djent; progressive metal; math rock; progressive rock,47,351383
Poets of the Fall,finnish rock,47,318762
Poh Hock,progressive metal; djent,13,5910
polnalyubvi,,39,115049
Pop Evil,,55,631993
Poppy,,66,1674145
Porcupine Tree,progressive rock; progressive metal; art rock; space rock,52,764020
Pornofilmy,,44,634837
Portishead,trip hop; downtempo,64,2330701
Poshlaya Molly,,62,2260820
Powerwolf,power metal; metal; symphonic metal; folk metal; medieval metal; heavy metal,60,1050900
Pretenders,,61,1676764
Pretty Maids,arena rock; aor; hard rock; glam metal; heavy metal; power metal,39,94076
Primal Fear,power metal; speed metal; heavy metal; metal,43,173778
Primal Scream,madchester; britpop; alternative dance,50,558199
Pro-Pain,groove metal; hardcore; hardcore punk; speed metal,37,82271
Procol Harum,progressive rock; baroque pop,50,531027
Proem,idm; glitch; ambient,17,13862
Project Gemini,neo-psychedelic,23,4758
Project Pitchfork,ebm; industrial; darkwave; industrial metal; synthpop; gothic rock; industrial rock,38,83391
Prong,groove metal; industrial metal; thrash metal; alternative metal; industrial rock; metal,39,196949
Prophets Of Rage,rap metal; rap rock,37,437185
Protomartyr,post-punk; noise rock; indie punk,36,113907
Psychea,nu metal; industrial metal; alternative metal,31,29701
Psychic TV,acid house; industrial; post-punk,31,82000
Psychonaut,sludge metal; progressive metal; stoner metal; stoner rock; post-rock,28,25422
Psychotic Waltz,progressive metal; progressive rock,11,22306
Psyclon Nine,industrial; ebm; industrial metal; industrial rock; darkwave,29,52276
Pulp,britpop; madchester,59,1083752
Pure Reason Revolution,progressive rock; progressive metal; art rock,25,32993
PVRIS,,58,719339
Queen,classic rock; rock; glam rock,82,55083530
Queens of the Stone Age,stoner rock; alternative rock,69,3828522
Queensrÿche,progressive metal; glam metal; metal; heavy metal; progressive rock; hard rock,54,733382
Quiet Riot,glam metal; hard rock; glam rock,55,2040904
R.E.M.,jangle pop; alternative rock; rock,72,5346153
r.roo,idm; dub techno; glitch; downtempo; dark ambient,7,4566
Rabbit Junk,industrial metal; industrial rock; industrial,34,57079
Radiohead,art rock; alternative rock,85,13702219
Rage,power metal; speed metal; heavy metal; metal; thrash metal,42,123162
Rage Against The Machine,rap metal; rap rock; alternative metal; nu metal,69,6891042
Rainbow,hard rock; aor; metal; heavy metal,57,1650525
Raison D'être,dark ambient; drone; ambient; industrial,19,14651
Rammstein,industrial metal; metal; industrial rock; industrial,77,11765017
Ramones,punk; proto-punk,63,2900031
Rancid,punk; ska punk; ska; skate punk; hardcore punk,55,966877
Raunchy,melodic death metal; industrial metal; groove metal,24,23048
Ray Wilson,progressive rock,37,25664
Razorlight,britpop; indie,53,583091
Real Estate,jangle pop; dream pop; surf rock,45,409064
Reb Fountain,,30,14719
Recoil,trip hop; ebm; industrial,25,36657
Red Hot Chili Peppers,funk rock; alternative rock; rock,82,23153901
Red Moon Architect,doom metal; gothic metal; melodic death metal; drone metal; sludge metal; stoner metal,13,12143
Red Sparowes,post-rock; sludge metal,25,63051
Redemption,progressive metal; progressive rock; power metal,25,28413
Refused,hardcore punk; post-hardcore; punk; hardcore,52,288600
Reverb On Repeat,shoegaze,5,1232
Revocation,death metal; thrash metal; metal; melodic death metal; deathcore,43,138256
Revolution Renaissance,power metal; speed metal; symphonic metal,25,25423
Rhapsody,power metal; symphonic metal; speed metal; folk metal; metal,47,522997
Richard Ashcroft,britpop; madchester,53,481185
Richard Henshall,progressive metal; djent; progressive rock,21,13071
Richie Hawtin,minimal techno; acid house; acid techno; idm; techno; dub techno,35,288823
Ride,shoegaze; dream pop; britpop; madchester; jangle pop; slowcore; neo-psychedelic,41,257186
Rise Against,punk; hardcore punk,68,2934532
Rishloo,progressive metal; progressive rock; djent,39,102518
Rival Consoles,idm; electronica,45,186613
Rival Sons,blues rock; modern blues,48,477505
Rivers of Nihil,death metal; progressive metal; djent; deathcore; metal; melodic death metal,41,146896
Riverside,progressive rock; progressive metal; art rock,41,232943
Robbie Williams,,71,3306953
Robert Glasper,neo soul; jazz rap,57,505824
Robert Plant,,56,1153687
Robert Rich,space music; ambient; dark ambient; drone; new age,28,26592
Rod Stewart,soft rock,72,5542902
Roger Taylor,,32,349946
Roger Waters,progressive rock; art rock,50,1539185
Rollins Band,alternative metal; funk rock; hardcore punk,33,127019
Rolo Tomassi,mathcore; math rock; progressive metal; post-hardcore,31,72987
ROME,neoclassical; darkwave,40,62820
Rory Gallagher,blues rock; blues; modern blues; classic blues,50,492445
Rosetta,sludge metal; post-rock; drone metal; drone; stoner metal,20,39506
Rotting Christ,black metal; metal; gothic metal,43,282461
Roxette,swedish pop,72,2833609
Roxy Music,glam rock; art rock,59,1092550
Roy Orbison,rockabilly,64,2303708
Royal Blood,garage rock; rock,60,1706407
Royal Hunt,progressive metal; power metal; symphonic metal; speed metal; neoclassical; arena rock; aor,22,26507
Royal Republic,,53,257585
RPWL,progressive rock; art rock; progressive metal,38,53690
Running Wild,power metal; speed metal; heavy metal; metal,38,190275
Rush,progressive rock; classic rock; hard rock; rock; aor,64,2548494
Russian Circles,post-rock; sludge metal; math rock; stoner metal; progressive metal,41,278966
Sabaton,power metal; metal; heavy metal; symphonic metal; folk metal,69,2427047
Sadist,death metal; progressive metal,16,13244
Saga,progressive rock; aor; arena rock; art rock,39,99625
Saltillo,trip hop; downtempo,21,24897
Sam Fender,,71,1192224
Samael,black metal; industrial metal; metal; gothic metal; industrial,34,145325
Sama’ Abdulhadi,,17,59312
Samoe Bolshoe Prostoe Chislo,,31,61180
Saosin,post-hardcore; screamo; emo,54,554479
Saturnus,doom metal; gothic metal; sludge metal; stoner metal,30,69360
Satyricon,black metal; metal; norsk rock,41,328310
Savage Garden,,63,1543996
Savages,post-punk,26,127787
Savatage,power metal; heavy metal; progressive metal; metal,44,283141
Saxon,heavy metal; metal; hard rock; speed metal,47,653745
Scorpions,hard rock; glam metal; rock,72,8565443
Screaming Trees,grunge; post-grunge,43,360590
Seabound,ebm; industrial; synthpop; darkwave,20,22660
Secret Garden,new age; celtic,55,283098
Seether,post-grunge; alternative metal; rock,69,3818617
SeeYouSpaceCowboy...,mathcore; metalcore; screamo; post-hardcore; hardcore; hardcore punk,35,90580
Sega Bodega,hyperpop; art pop; experimental,46,132409
Sentenced,gothic metal; death metal; melodic death metal; finnish rock; metal; gothic rock; doom metal,40,117432
Septicflesh,death metal; symphonic metal; melodic death metal; black metal; metal,41,201794
Sepultura,thrash metal; groove metal; metal; death metal; nu metal; heavy metal; speed metal; alternative metal,59,2327573
Serious Black,power metal; speed metal; symphonic metal; arena rock,31,16384
Serj Tankian,,56,1189634
Sevendust,nu metal; alternative metal; rap metal; hard rock,54,1216435
Sex Pistols,punk; proto-punk,53,1998199
shame,post-punk,46,189895
Sharon Van Etten,,53,586413
She Wants Revenge,darkwave; gothic rock,62,705817
Shellac,noise rock; math rock; post-hardcore,31,93468
Shinedown,post-grunge; alternative metal; rock,70,4528483
Shining,black metal; metal,30,78821
Shiraz Lane,glam metal; aor; finnish rock; arena rock,27,14283
Shiva In Exile,new age; ambient folk; deathrock,8,1040
Shokran,djent; progressive metal; deathcore; metalcore; metal,32,75304
Shortparis,cold wave; post-punk,31,78521
Show Me the Body,noise rock,53,137985
Sieges Even,progressive metal; progressive rock; thrash metal,11,9124
Sigur Rós,post-rock; dream pop,56,1442360
Silent Planet,metalcore; djent; deathcore; post-hardcore; metal,50,225040
Silver Mt. Zion,post-rock,35,107308
Silverstein,post-hardcore; screamo; emo; metalcore; pop punk,58,810977
Simple Minds,new wave,65,2325616
Simply Red,,69,2755166
Sinéad O'Connor,,60,1389784
Siouxsie and the Banshees,gothic rock; post-punk; darkwave; new wave; deathrock; cold wave,58,1340533
Sirenia,symphonic metal; gothic metal; gothic rock; power metal; metal,42,247324
Skinny Puppy,industrial; ebm; industrial rock; industrial metal; darkwave; gothic rock; deathrock; post-punk,39,243236
Skrillex,dubstep; edm; electro; electronic,73,7528742
Skunk Anansie,,51,418913
Slade,glam rock; christmas,47,452542
Slash,hard rock,55,3101276
Slayer,thrash metal; metal; speed metal; heavy metal; groove metal; death metal,63,4450104
Sleater-Kinney,riot grrrl; queercore,40,280019
Sleep Token,progressive metal; metalcore,78,2784596
Sleeping With Sirens,emo; post-hardcore; screamo,64,2554820
sleepmakeswaves,post-rock; math rock,31,58604
Slint,post-rock; math rock; noise rock; slowcore; post-hardcore,39,243093
Slipknot,nu metal; metal; alternative metal; rap metal; heavy metal,78,14010714
Slowdive,shoegaze; dream pop; slowcore,63,1360151
slowthai,grime; uk grime,51,531864
Smash Into Pieces,,56,344527
Snarky Puppy,jazz fusion; jazz funk; jazz; funk rock; nu jazz,46,759431
Sneaker Pimps,trip hop; downtempo,50,301717
Snow Patrol,,67,3294930
Sodom,thrash metal; speed metal; metal; groove metal; black metal; heavy metal,45,539724
Soen,progressive metal; progressive rock; djent; metal,48,310223
Soft Cell,synthpop; new wave,60,788984
Soft Machine,progressive rock; jazz fusion; krautrock; psychedelic rock; art rock; acid rock; space rock,33,149420
SOFT PLAY,,50,276509
Soilwork,melodic death metal; metal; death metal; alternative metal,48,345677
Sol Invictus,neoclassical; darkwave; industrial; folk,23,22058
Solar Fields,ambient; space music; downtempo,39,105909
Solitary Experiments,ebm; industrial; synthpop; darkwave,32,32056
Somali Yacht Club,stoner rock; stoner metal; space rock; sludge metal; psychedelic rock; doom metal; acid rock,27,58563
Somatic Responses,idm; acid techno; breakcore; glitch; industrial; dark ambient,5,2628
Sonata Arctica,power metal; symphonic metal; speed metal; progressive metal; metal; folk metal,50,656500
Songs: Ohia,slowcore; alt country; anti-folk,43,146245
Sonic Death,post-punk; cold wave,18,18218
Sonic Youth,noise rock; grunge; alternative rock; post-punk; shoegaze,55,1306219
Sonny Rollins,hard bop; jazz; bebop; cool jazz; free jazz,47,372436
Sons Of Apollo,progressive metal; progressive rock,24,95280
Sons Of Kemet,nu jazz; jazz,33,158004
Soulfly,groove metal; nu metal; metal; rap metal; alternative metal; thrash metal,50,801038
Soulsavers,,33,49794
Soundgarden,grunge; post-grunge; hard rock,68,5068837
Soup,progressive rock; post-rock; art rock; progressive metal,13,7329
Spanish Love Songs,midwest emo; indie punk; pop punk,42,74071
Spiritbox,metalcore; djent; metal,65,996537
Spiritual Front,neoclassical,22,19485
Splean,,48,538682
Spock's Beard,progressive rock; progressive metal; art rock,28,63148
Spoon,indie rock; indie,54,683708
Spotlights,sludge metal; post-rock; shoegaze; space rock; doom metal; drone metal; stoner metal,21,25578
Squarepusher,idm; breakcore; glitch,39,264074
Squid,post-punk; art rock; noise rock; egg punk,37,170255
St. Vincent,art pop,61,971264
Stan Kolev,progressive house; melodic techno; melodic house; organic house,33,39509
Stars Of The Lid,ambient; drone; post-rock; space music; minimalism,40,99126
Static-X,industrial metal; nu metal; industrial rock; industrial; rap metal; metal; alternative metal,58,1618545
Status Quo,glam rock; blues rock,56,842467
Stendeck,idm; glitch; dark ambient,10,5131
Stereolab,art pop; krautrock; post-rock; neo-psychedelic,52,395810
Stereophonics,britpop,64,1743761
Steve Hackett,progressive rock; art rock,39,167898
Steve Howe,progressive rock; art rock,24,74958
Steve Roach,space music; ambient; drone; dark ambient; new age,34,46047
Steven Wilson,progressive rock; progressive metal; art rock,48,438140
Stick To Your Guns,melodic hardcore; hardcore; metalcore; hardcore punk; post-hardcore,47,241384
Stigmata,hardcore; hardcore punk,12,5117
Still Corners,dream pop,58,372445
Stille Opprör,norsk rock; progressive rock,0,112
Stillife,ambient folk; darkwave; gothic rock,2,793
Sting,soft rock,70,3842715
Stone Sour,post-grunge; alternative metal; nu metal,63,3098568
Stone Temple Pilots,grunge; alternative rock; post-grunge; rock,68,3979152
Story Of The Year,emo; post-hardcore; screamo; pop punk,54,564101
Strapping Young Lad,industrial metal; progressive metal; groove metal; metal; industrial rock; industrial,36,180464
Stratovarius,power metal; symphonic metal; speed metal; metal; progressive metal; heavy metal,52,734747
Strawberry Girls,math rock; mathcore; djent; progressive metal,34,95472
Stray From The Path,metalcore; hardcore; melodic hardcore; hardcore punk; mathcore,42,146696
STRFKR,,54,483138
Subsignal,progressive rock; progressive metal,27,20292
SubtractiveLAD,idm; drone; ambient,6,2219
Subway To Sally,medieval metal; medieval; folk metal; folk rock,45,152093
Suede,britpop; madchester,53,534050
Suffocation,death metal; grindcore; metal; deathcore,40,282694
Sufjan Stevens,baroque pop,70,2353928
Suicidal Tendencies,thrash metal; hardcore punk; punk; skate punk; speed metal,52,833802
Suicide Commando,ebm; industrial; darkwave; industrial metal; industrial rock,34,81635
Suicide Silence,deathcore; metalcore; death metal; metal; screamo,50,912922
Sum 41,pop punk; punk; skate punk,69,4316108
Summoning,black metal; folk metal; metal,36,134267
Sun Ra,free jazz; jazz; avant-garde; hard bop,39,222505
Sunflower Bean,,39,119259
sunn O))),drone metal; drone; doom metal; sludge metal; stoner metal; dark ambient; avant-garde,31,180062
Sunset Trail,rap metal; metalcore,5,1150
Supertramp,progressive rock; classic rock,69,3955064
Swallow The Sun,doom metal; melodic death metal; gothic metal; sludge metal; progressive metal; drone metal,38,162820
Swans,noise rock; post-rock; industrial rock; experimental; industrial; post-punk; avant-garde; gothic rock; art rock; drone; drone metal,45,344560
Sweet,glam rock,54,514319
Sylosis,melodic death metal; metal; metalcore; thrash metal; groove metal; death metal,42,164907
Symphony X,progressive metal; power metal; symphonic metal; progressive rock; metal; neoclassical; speed metal,44,296813
System Of A Down,nu metal; metal; alternative metal; rap metal; rock,80,13892062
Sólstafir,post-rock; black metal; folk metal,33,157038
T. Rex,glam rock; proto-punk,58,1196741
Tactical Sekt,ebm; industrial; industrial metal; darkwave,22,19717
Tad Morose,power metal; progressive metal; speed metal; heavy metal,15,13554
Taking Back Sunday,emo; pop punk; screamo; post-hardcore; punk,60,948857
Talk Talk,new wave; synthpop,58,640771
Talking Heads,new wave; post-punk,67,2841359
Tame Impala,neo-psychedelic; indie,81,9394095
Tangerine Dream,krautrock; space music; space rock; progressive rock; new age; ambient,46,355931
Tantsy Minus,,38,138004
Tarakany!,,27,52958
Tarja,symphonic metal; gothic metal; power metal; gothic rock,44,390723
Taylor Swift,,100,144735124
Team Sleep,shoegaze; alternative metal,48,325921
Tears For Fears,new wave; synthpop,72,4079872
Technology,psytrance; synthpop,6,18674
Ted Nugent,classic rock; southern rock,51,1268265
Telefon Tel Aviv,idm; glitch; downtempo,28,93715
Temple Of The Dog,grunge; post-grunge,55,1406233
Tenhi,ambient folk; folk; dark ambient,20,27862
Tequilajazzz,math rock; noise rock,16,8839
TesseracT,djent; progressive metal; progressive rock; metal,44,345607
Testament,thrash metal; metal; speed metal; groove metal; heavy metal,56,1225462
Texas,,56,550032
Texas In July,metalcore; deathcore; djent; post-hardcore,31,130701
The Acacia Strain,deathcore; metalcore; djent; death metal; metal; hardcore,46,217774
The Afghan Whigs,grunge,36,124098
The Agonist,melodic death metal; metal; metalcore; death metal,34,183513
The Air I Breathe,metalcore; djent; deathcore; screamo; post-hardcore,19,21270
The Alan Parsons Project,progressive rock; classic rock,62,1676915
The Album Leaf,post-rock; ambient,41,164666
The Algorithm,djent; progressive metal; synthwave,33,104396
The American Dollar,post-rock; ambient,33,55066
The Amity Affliction,metalcore; post-hardcore; screamo,57,794365
The Angelic Process,drone metal; drone; shoegaze; doom metal; sludge metal,23,23942
The Arcs,,43,229068
The Armed,mathcore; noise rock,37,49490
The Art Of Noise,synthpop,43,182166
The Beatles,classic rock; psychedelic rock,82,30653297
The Black Dahlia Murder,melodic death metal; death metal; deathcore; metal,47,379416
The Black Dog,idm; ambient; dub techno; drone,40,55627
The Black Keys,blues rock; garage rock; modern blues; rock,68,4136063
The Black Noodle Project,progressive rock; space rock; post-rock; progressive metal,32,14545
The Body,drone metal; sludge metal; noise rock; drone; doom metal; industrial; industrial metal; stoner metal,27,66981
The Browning,deathcore; metalcore; deathstep; metal; djent,48,194765
The Callous Daoboys,mathcore; metalcore; post-hardcore,42,57667
The Cardigans,swedish pop,68,1657178
The Cars,power pop; new wave; classic rock,64,2033662
The Chariot,mathcore; metalcore; hardcore; post-hardcore; screamo,30,81916
The Charlatans,madchester; britpop,46,392960
The Chemical Brothers,big beat; alternative dance; electronic; breakbeat,61,2242015
The Civil Wars,southern gothic,52,800988
The Clash,punk,67,3153539
The Comet Is Coming,nu jazz; jazz fusion,33,181254
The Cranberries,,75,5368609
The Crystal Method,big beat; breakbeat; electronica,48,335369
The Cure,new wave; post-punk; gothic rock; darkwave,74,6628072
The Damned,punk; proto-punk; gothic rock; post-punk; deathrock; new wave; horror punk,47,416162
The Dave Brubeck Quartet,jazz; cool jazz,55,350606
The Dead Weather,garage rock; southern gothic; blues rock; modern blues,42,436517
The Dear Hunter,progressive rock; progressive metal,42,163096
The Decemberists,baroque pop; indie folk,51,639143
The Devil Makes Three,bluegrass; southern gothic; newgrass; americana; folk punk; alt country; folk; country blues,52,374896
The Devil Wears Prada,metalcore; post-hardcore; screamo; deathcore; metal,58,723257
The Dillinger Escape Plan,mathcore; metalcore; progressive metal; djent,41,275390
The Doors,psychedelic rock; classic rock; acid rock,70,8831475
The Ever Living,post-rock; doom metal; sludge metal,0,487
The Everlasters,,5,654
The Explorers Club,power pop,14,6396
The Fall of Troy,post-hardcore; mathcore; math rock; screamo,43,190404
The Flaming Lips,neo-psychedelic,52,857534
The Flashbulb,idm; breakcore; post-rock; glitch,39,65710
The Flower Kings,progressive rock; progressive metal; art rock,25,46957
The frozen Autumn,darkwave; cold wave; gothic rock; deathrock; post-punk; ebm,27,39362
The Future Sound Of London,idm; big beat; acid house; ambient; breakbeat; trip hop,38,166299
The Gaslight Anthem,,50,360747
The Gathering,gothic metal; symphonic metal; doom metal; progressive metal; gothic rock,40,154508
The Glitch Mob,glitch; dubstep,55,547916
The Goo Goo Dolls,,76,3461391
The Halo Effect,melodic death metal; death metal; metal,45,118396
The Hellacopters,garage rock; punk,43,134344
The Hirsch Effekt,mathcore; progressive metal; djent,15,16372
The Hives,garage rock,58,890096
The Horrors,shoegaze; post-punk,42,286181
The Jesus and Mary Chain,shoegaze; post-punk; dream pop; new wave; noise rock,50,544764
The Kilimanjaro Darkjazz Ensemble,dark ambient; nu jazz,29,64045
The Killers,alternative rock,76,7983748
The Kills,garage rock,46,691187
The Knife,electroclash,46,519489
The Kooks,indie; indie rock,67,2649658
The KVB,cold wave; darkwave; post-punk; gothic rock; shoegaze,37,92554
The Last Dinner Party,,62,652344
The Last Shadow Puppets,baroque pop,56,1204115
The Legendary Pink Dots,neo-psychedelic; avant-garde; industrial; deathrock; experimental; cold wave; gothic rock; darkwave; post-punk; space rock,26,47864
The Libertines,britpop; garage rock; indie rock; indie,51,919553
The Lumineers,folk pop; indie folk,76,5891904
The Magnetic Fields,anti-folk,57,279046
The Mars Volta,progressive rock; progressive metal; art rock,48,718418
The Mercury Program,post-rock; math rock; ambient,17,14887
The Microphones,slowcore; lo-fi indie; anti-folk; indie folk,45,236184
The Murder Capital,post-punk,38,97348
The National,indie rock,62,1681146
The Neal Morse Band,progressive rock; progressive metal,16,15419
The Necks,free jazz; experimental,21,30779
The Notwist,german indie,33,99306
The Obsessed,doom metal; stoner metal; sludge metal; stoner rock,24,45913
The Ocean,progressive metal; sludge metal; djent; post-rock; drone metal; progressive rock; metal,36,149052
The Offspring,punk; skate punk,75,6615746
The Orb,idm; ambient,44,201688
The Picturebooks,blues rock; stoner rock; modern blues,27,27992
The Pineapple Thief,progressive rock; progressive metal; art rock,39,164569
The Plot In You,metalcore,64,597164
The Police,,76,7522232
The Postal Service,,52,634882
The Pretty Reckless,,59,1548050
The Prodigy,big beat; breakbeat; hardcore techno,64,2830199
The Project Hate MCMXCIX,industrial metal; death metal; melodic death metal,8,6526
The Qemists,drum and bass; dubstep,39,101078
The Radio Dept.,dream pop; shoegaze,51,200819
The Rasmus,finnish rock,59,563354
The Raven Age,metal,38,99474
The Record Company,blues rock; modern blues; blues; roots rock,45,129250
The Rolling Stones,classic rock; rock,77,15672326
The Runaways,riot grrrl; proto-punk,49,476233
The Sabres Of Paradise,idm; big beat,28,22188
The Sea Within,progressive rock; progressive metal; art rock,5,6995
The Silent Wedding,symphonic metal; power metal; progressive metal,4,1403
The Slow Readers Club,,34,34707
The Smashing Pumpkins,alternative rock; rock,73,6054839
The Smile,art rock,49,559354
The Smiths,new wave; madchester; jangle pop,78,7688358
The Stone Roses,madchester; britpop,60,1728280
The Stooges,proto-punk; punk; garage rock,50,684360
The Story So Far,pop punk; midwest emo; punk,59,517797
The Strokes,garage rock; indie rock; alternative rock,74,6430119
The Struts,glam rock,57,434462
The Tangent,progressive rock; progressive metal; art rock; space rock,12,16504
The Tear Garden,industrial; ebm; darkwave; deathrock; neo-psychedelic; cold wave; industrial rock,22,17644
The Temper Trap,,69,770091
The The,new wave,50,392267
The Third And The Mortal,doom metal; gothic metal; norsk rock; avant-garde,18,10754
The Used,emo; screamo; post-hardcore; pop punk,60,1301061
The Velvet Underground,proto-punk; art rock,60,2122516
The Verve,britpop; shoegaze,68,2726604
The Walkmen,indie rock,45,214065
The War On Drugs,indie rock,58,1004428
The Warning,,60,764799
The Weeknd,,93,112359431
The White Stripes,garage rock; blues rock; rock; alternative rock,68,3524261
The Who,classic rock; rock,66,5815545
The Winery Dogs,hard rock,35,155504
The Wombats,indie,61,1109796
The xx,,63,3784734
The Young Gods,industrial rock; industrial; industrial metal; ebm,30,38819
Theatre Of Tragedy,gothic metal; symphonic metal; doom metal; gothic rock,41,225791
Them Crooked Vultures,stoner rock,46,629992
Theo Parrish,jazz house; chicago house,31,84662
Theodor Bastard,,24,18301
Theory In Practice,death metal,3,4001
Theory of a Deadman,post-grunge; alternative metal,61,2280170
Therapy?,alternative metal,39,117756
Therion,symphonic metal; gothic metal; power metal; metal; folk metal; death metal; doom metal; progressive metal,46,359496
Thin Lizzy,classic rock; hard rock,58,1371003
This Mortal Coil,dream pop; darkwave; gothic rock,40,185625
This Will Destroy You,post-rock; math rock; drone metal,41,260453
This Winter Machine,progressive rock; progressive metal,29,7521
Thom Yorke,,56,1212231
Thou,sludge metal; drone metal; doom metal; stoner metal; drone,36,101433
Three Days Grace,post-grunge; rock,77,7264229
Threshold,progressive metal; progressive rock; power metal; metal,29,52717
Thrice,post-hardcore; screamo,58,501885
Throbbing Gristle,industrial; experimental; industrial rock; noise rock; avant-garde; post-punk; ebm,30,120371
thrown,metalcore; deathcore,52,204657
Thursday,post-hardcore; screamo; emo,45,237908
Thy Art Is Murder,deathcore; death metal; metal; metalcore; djent,48,516841
Thy Catafalque,avant-garde; progressive metal; black metal,30,51920
Tiamat,gothic metal; doom metal; gothic rock; symphonic metal,38,160443
Tides From Nebula,post-rock; djent; space rock; progressive metal,33,57401
Tigran Hamasyan,jazz fusion; jazz,40,189107
Tim Bowness,progressive rock; art rock; progressive metal,14,11988
Tim Hecker,drone; ambient; idm; dark ambient; experimental; minimalism,40,159454
To Kill Achilles,melodic hardcore; metalcore; post-hardcore,22,17195
To/Die/For,gothic metal; gothic rock; doom metal; symphonic metal; finnish rock,29,48876
toe,math rock; post-rock; midwest emo; japanese indie,49,355038
TOKYO ROSE,synthwave; darkwave,39,49019
Tom Meighan,,28,18651
Tom Odell,,76,4296044
Tom Petty and the Heartbreakers,classic rock,67,3089416
Tom Waits,singer-songwriter; southern gothic,56,1458827
TOOL,progressive metal; alternative metal; progressive rock; metal,70,4500354
Torche,sludge metal; stoner metal; stoner rock; doom metal,28,65862
Tori Amos,singer-songwriter; art pop,53,858247
Tortoise,post-rock; math rock; krautrock; slowcore,38,154325
Touché Amoré,melodic hardcore; post-hardcore; screamo; hardcore; midwest emo,42,194203
Toundra,post-rock; stoner rock; space rock,22,54699
TR/ST,darkwave; cold wave; witch house; synthpop; post-punk; ebm; electroclash,44,161292
Tracktor Bowling,nu metal,18,25931
Transatlantic,progressive rock; progressive metal; art rock,22,56511
Travis Scott,rap,89,40941213
Trelldom,black metal,12,98764
trentemøller,minimal techno; electronica,44,407724
Treponem Pal,industrial metal; industrial rock; industrial,14,3440
Tribulation,gothic metal; black metal; melodic death metal; death metal; doom metal; metal,29,70421
Tricky,trip hop; downtempo,53,558217
Tristania,gothic metal; symphonic metal; doom metal; gothic rock,33,194439
Trivium,metalcore; metal; heavy metal,60,1704081
Truckfighters,stoner rock; stoner metal; sludge metal; space rock; doom metal; psychedelic rock,33,141118
Turnstile,hardcore punk; hardcore,66,810406
TV Girl,,79,12432752
TV On The Radio,indie rock; indie,55,686993
Two Door Cinema Club,indie; indie rock,66,2543704
TWO LANES,,56,156617
Two Lone Swordsmen,idm,28,37837
Ty Segall,garage rock; neo-psychedelic; psychedelic rock,45,338535
"Tyler, The Creator",,87,24282565
Type O Negative,gothic metal; gothic rock; doom metal,64,1698407
U.D.O.,heavy metal; norsk rock; metal; power metal; speed metal,42,229151
U2,rock,75,13566907
U96,eurodance; happy hardcore,57,88058
UFO,hard rock; aor; space rock; heavy metal,51,636837
Ugly Kid Joe,glam metal,50,321182
Ulcerate,death metal; avant-garde; black metal,31,66115
Ultar,black metal,20,27048
Ulver,black metal; avant-garde; drone metal; folk metal,40,191635
Umbra et Imago,gothic rock; gothic metal; ebm; darkwave; deathrock; medieval metal; industrial; industrial metal,18,27054
Underoath,post-hardcore; screamo; metalcore; emo,55,701736
Underworld,big beat; electronica,58,735599
Unearth,metalcore; deathcore; metal,37,199587
UNKLE,trip hop; downtempo,48,400296
Unleashed,death metal; grindcore; melodic death metal; metal; black metal,32,109646
Unprocessed,djent; progressive metal; math rock; metalcore,48,155478
Unter Null,ebm; industrial; industrial metal; darkwave; industrial rock,26,25680
Unwound,noise rock; post-hardcore; post-rock; math rock; slowcore,41,116159
Upon A Burning Body,deathcore; metalcore; metal,44,272684
Uriah Heep,progressive rock; hard rock,48,834332
URNE,sludge metal,18,11516
Vader,death metal; metal; thrash metal; grindcore; black metal; speed metal,38,263630
Vampire Weekend,indie; baroque pop,61,2031968
Van Canto,power metal; symphonic metal; folk metal; medieval metal,34,148020
Van Der Graaf Generator,progressive rock; art rock; krautrock; space rock,31,147356
Van Halen,glam metal; classic rock; rock; hard rock,70,6830183
Van Morrison,,69,3586720
Vanden Plas,progressive metal; progressive rock; power metal,23,31854
Varhara,black metal,1,707
Vatican Shadow,dark ambient; industrial; drone,30,31523
Vegyn,idm; experimental hip hop,53,154566
Veil Of Maya,djent; deathcore; metalcore; progressive metal; metal; mathcore,45,311160
Velocity Made Good,,1,532
Velvet Acid Christ,industrial; ebm; industrial metal; industrial rock; darkwave,28,48272
Velvet Revolver,grunge,50,1584008
Venetian Snares,breakcore; idm; glitch; speedcore; hardcore techno; jungle; breakbeat,35,139636
Venom,black metal; speed metal; thrash metal; metal; heavy metal,42,584531
Viagra Boys,post-punk; egg punk,58,431105
Vildhjarta,djent; progressive metal; deathcore; metal; mathcore,38,136952
Violet Cold,black metal; post-rock,28,40507
Visions of Atlantis,symphonic metal; power metal; gothic metal; metal; folk metal; medieval metal,44,154936
Vlady,,28,38988
VNV Nation,ebm; industrial; synthpop; darkwave,47,213535
Voivod,thrash metal; progressive metal; speed metal; metal; groove metal,30,127988
VOLA,progressive metal; djent; progressive rock,46,127987
Volbeat,rock; metal,69,2738740
Von Hertzen Brothers,finnish rock; progressive rock; progressive metal; finnish pop,25,21576
Votum,progressive metal; progressive rock; djent,28,23292
Voyager,progressive metal; djent; progressive rock,31,53077
Vulture Industries,avant-garde; progressive metal,16,15657
VUUR,progressive metal; symphonic metal; gothic metal,12,21435
W.A.S.P.,glam metal; heavy metal; glam rock; hard rock; metal,53,1046876
Wage War,metalcore; metal; deathcore; djent,57,616801
Walls of Jericho,hardcore; metalcore; hardcore punk,32,123245
Warbringer,thrash metal; speed metal; groove metal; metal,34,122998
Wardruna,ambient folk; celtic; medieval; folk metal; folk,54,766331
Warpaint,dream pop,44,512565
Watain,black metal; metal,36,187187
Wax Tailor,trip hop; nu jazz; downtempo; electro swing,48,322959
We Came As Romans,metalcore; post-hardcore; screamo; metal,61,943389
We Came From Wolves,,5,1833
We Insist!,noise rock; math rock,0,545
We Were Promised Jetpacks,,40,136283
Weather Report,jazz fusion; jazz; jazz funk; free jazz,40,305583
Weather Systems,progressive rock; progressive metal,29,13201
Wednesday,alt country,56,119872
Weezer,alternative rock,72,4577969
Wehbba,techno; minimal techno; acid techno,33,51323
Wheel,progressive metal; progressive rock; djent,36,65532
When Icarus Falls,post-rock; sludge metal; stoner metal,0,1241
While She Sleeps,metalcore; metal; post-hardcore,52,506896
White Lies,,53,538035
White Ward,black metal,27,54515
Whitechapel,deathcore; death metal; metal; metalcore; djent,52,645685
William Basinski,drone; ambient; minimalism; dark ambient,38,136020
Wings,,62,1240840
Wintersun,melodic death metal; folk metal; power metal; symphonic metal; metal; death metal,40,227687
Wishbone Ash,progressive rock; art rock,41,227745
Within Temptation,symphonic metal; gothic metal; gothic rock; power metal; metal,60,1409945
Wolf Alice,indie,65,852957
Wolves At The Gate,christian rock; metalcore; post-hardcore,42,140218
Wolves In The Throne Room,black metal; drone metal; metal,27,120519
Woods Of Ypres,doom metal; gothic metal; black metal; sludge metal,37,103416
Wunderhorse,,59,217648
X-Fusion,ebm; industrial; industrial metal; darkwave,25,11530
Xiu Xiu,art pop; noise rock; experimental,27,189168
Yard Act,post-punk,41,141080
Yeah Yeah Yeahs,indie rock,65,1471473
Year Of No Light,post-rock; drone metal; sludge metal; doom metal; drone; stoner metal,16,35680
Yellowcard,pop punk; punk; emo,63,1647543
Yes,progressive rock; art rock; aor,60,2076533
Yo La Tengo,dream pop; slowcore,50,559393
Yogi Lang,progressive rock; art rock,41,30074
Yoo Doo Right,krautrock; post-rock; space rock; neo-psychedelic; rock quebecois,17,7043
Yoth Iria,black metal,26,21177
Youth Code,industrial; ebm; industrial rock; industrial metal; darkwave; witch house,26,38223
Yves Tumor,,52,434267
Zdob si Zdub,,35,40190
Zeal & Ardor,black metal,46,253970
Zemfira,,52,1298067
Zero 9:36,,51,139499
Zero People,,16,10422
Zimmz,techno; melodic techno; acid techno,25,37092
Zvuki Mu,post-punk,16,14449
ZZ Top,southern rock; classic rock; blues rock; rock,68,4923133
µ-Ziq,idm; glitch; breakcore; experimental,37,98484
Ólafur Arnalds,neoclassical; minimalism,62,878721
Адаптация,cold wave,14,5365
алёна швец.,,52,1676635
Би-2,,50,1062795
Встреча Рыбы,,2,440
Дайте танк (!),,52,1015319
ДДТ,,44,445553
Джуна,post-punk; cold wave; darkwave,9,1269
Женя Любич,,40,17415
Зачарованные,,0,286
Золотые зубы,,28,4615
Ищейка,shoegaze; post-punk,21,7902
Калинов Мост,acid rock,19,22244
Карелия,,11,4457
Краснознаменная Дивизия Имени Моей Бабушки,,23,18807
Лихолесье,,0,553
Мой Июль,,0,20
Настя Полева,,15,1624
Ольга Арефьева и Ковчег,,15,7233
Пионерлагерь Пыльная Радуга,grunge,25,21321
Помни Имя Свое,,14,8775
Последние Танки В Париже,,14,17456
Сверкай,avant-garde,3,1005
Света Бень,,9,2560
Сироткин,,33,56472
Сруб,post-punk; deathrock; darkwave; cold wave,22,9476
Чиж & Co,,37,150742
✝✝✝ (Crosses),,50,384474